OBJECTID;SID;DID;TID;VILL_CODE;C_CODE01;NAME;UID;UID_1;CENSUS_COD;STATE;DISTRICT;SUB_DIST;TOWN_VILL;WARD;EB;LEVEL;NAME_1;TRU;No_HH;TOT_P;TOT_M;TOT_F;P_06;M_06;F_06;P_SC;M_SC;F_SC;P_ST;M_ST;F_ST;P_LIT;M_LIT;F_LIT;P_ILL;M_ILL;F_ILL;TOT_WORK_P;TOT_WORK_M;TOT_WORK_F;MAINWORK_P;MAINWORK_M;MAINWORK_F;MAIN_CL_P;MAIN_CL_M;MAIN_CL_F;MAIN_AL_P;MAIN_AL_M;MAIN_AL_F;MAIN_HH_P;MAIN_HH_M;MAIN_HH_F;MAIN_OT_P;MAIN_OT_M;MAIN_OT_F;MARGWORK_P;MARGWORK_M;MARGWORK_F;MARG_CL_P;MARG_CL_M;MARG_CL_F;MARG_AL_P;MARG_AL_M;MARG_AL_F;MARG_HH_P;MARG_HH_M;MARG_HH_F;MARG_OT_P;MARG_OT_M;MARG_OT_F;NON_WORK_P;NON_WORK_M;NON_WORK_F;ST_CODE;DIST_CODE;THSIL_CODE;BLOCK_CODE;V_CT_CODE;VILL_NAME;AREA;T_HH;T_P;T_M;T_F;SC_P;SC_M;SC_F;ST_P;ST_M;ST_F;EDU_FAC;P_SCH;RANG_P_SCH;M_SCH;RANG_M_SCH;S_SCH;S_S_SCH;COLLEGE;RANG_COLL;IND_SCH;TR_SCH;ADLT_LT_CT;OTH_SCH;MEDI_FAC;ALL_HOSP;RANG_ALL;AYU_HOSP;UN_HOSP;HOM_HOSP;ALL_DISP;AYU_DISP;UN_DISP;HOM_DISP;MCW_CNTR;RANG_MCW;M_HOME;CWC;H_CNTR;PH_CNTR;RANG_PHC;PHS_CNT;FWC_CNTR;TB_CLN;N_HOME;RMP;SMP;CHW;OTH_CNTR;DRNK_WAT_F;RANG_WAT_F;TAP;WELL;TANK;TUBEWELL;HANDPUMP;RIVER;CANAL;LAKE;SPRING;OTHER;SOU_SUMM;RANG_SS;SS_CODE;P_T_FAC;POST_OFF;RANG_PO;TELE_OFF;POST_TELE;PHONE;RANG_PHONE;COMM_FAC;BS_FAC;RANG_BS;RS_FAC;RANG_RS;NW_FAC;RANG_NW;BANK_FAC;COMM_BANK;RANG_COMM;COOP_BANK;RANG_COOP;CRSOC_FAC;AC_SOC;RANG_ACS;NAC_SOC;RANG_NAC;OTHER_SOC;RANG_OTH;RC_FAC;C_V_HALL;RANG_CV;SP_CL_FAC;RANG_SPCL;ST_AU_FAC;RANG_STAU;APP_PR;APP_MR;APP_FP;APP_NAVRIV;APP_NAVCAN;APP_NW;NEAR_TOWN;DIST_TOWN;POWER_SUPL;POWER_DOM;POWER_AGR;POWER_OTH;POWER_ALL;PAP_MAG;NEWS_PAP;MAGAZINE;A_INCEXP;TOT_INC;TOT_EXP;MAN_COMM1;MAN_COMM2;MAN_COMM3;LAND_FORES;CANAL_GOVT;CANAL_PVT;WELL_WO_EL;WELL_W_EL;TW_WO_EL;TW_W_EL;TANK_IRR;RIVER_IRR;LAKE_IRR;W_FALL;OTH_IRR;TOT_IRR;UN_IRR;CULT_WASTE;AREA_NA_CU;Shape_Leng;Shape_Area
1.0;12;10;0001;00000000;1210000100000000;Mipi;259379;259379;1210000100000000.0;12;10;1;0;0;0;CIRCLE;Mipi Circle;Total;64;275;157;118;28;18;10;0;0;0;254;136;118;91;68;23;184;89;95;111;78;33;109;77;32;81;49;32;2;2;0;0;0;0;26;26;0;2;1;1;2;1;1;0;0;0;0;0;0;0;0;0;164;79;85;;;;;;;;;;;;;;;;;;;;;;;;;;;;;;;;;;;;;;;;;;;;;;;;;;;;;;;;;;;;;;;;;;;;;;;;;;;;;;;;;;;;;;;;;;;;;;;;;;;;;;;;;;;;;;;;;;;;;;;;;;;;;;;;;;;;;;;;;;;;;;251682.19252350187;2282933572.864051
2.0;12;10;0002;00000000;1210000200000000;Anini;259380;259380;1210000200000000.0;12;10;2;0;0;0;CIRCLE;Anini Circle;Total;979;4069;2417;1652;665;361;304;19;13;6;2451;1268;1183;2077;1360;717;1992;1057;935;1947;1407;540;1708;1234;474;493;220;273;4;2;2;8;6;2;1203;1006;197;239;173;66;86;35;51;1;1;0;3;2;1;149;135;14;2122;1010;1112;;;;;;;;;;;;;;;;;;;;;;;;;;;;;;;;;;;;;;;;;;;;;;;;;;;;;;;;;;;;;;;;;;;;;;;;;;;;;;;;;;;;;;;;;;;;;;;;;;;;;;;;;;;;;;;;;;;;;;;;;;;;;;;;;;;;;;;;;;;;;;324302.36234132206;2076956217.281958
3.0;12;09;0001;00000000;1209000100000000;Tuting;259381;259381;1209000100000000.0;12;9;1;0;0;0;CIRCLE;Tuting Circle;Total;849;3915;2129;1786;753;393;360;5;5;0;2974;1513;1461;1608;1077;531;2307;1052;1255;2211;1305;906;1797;1064;733;1149;477;672;16;13;3;4;4;0;628;570;58;414;241;173;386;224;162;18;9;9;1;1;0;9;7;2;1704;824;880;;;;;;;;;;;;;;;;;;;;;;;;;;;;;;;;;;;;;;;;;;;;;;;;;;;;;;;;;;;;;;;;;;;;;;;;;;;;;;;;;;;;;;;;;;;;;;;;;;;;;;;;;;;;;;;;;;;;;;;;;;;;;;;;;;;;;;;;;;;;;;327894.86954747373;2625250582.7325954
4.0;12;09;0004;00000000;1209000400000000;Gelling;259382;259382;1209000400000000.0;12;9;4;0;0;0;CIRCLE;Gelling Circle;Total;153;742;362;380;175;84;91;0;0;0;723;350;373;272;167;105;470;195;275;478;251;227;379;207;172;309;140;169;4;4;0;1;1;0;65;62;3;99;44;55;97;42;55;0;0;0;0;0;0;2;2;0;264;111;153;;;;;;;;;;;;;;;;;;;;;;;;;;;;;;;;;;;;;;;;;;;;;;;;;;;;;;;;;;;;;;;;;;;;;;;;;;;;;;;;;;;;;;;;;;;;;;;;;;;;;;;;;;;;;;;;;;;;;;;;;;;;;;;;;;;;;;;;;;;;;;100135.71205629787;431854216.6149308
5.0;12;10;0003;00000000;1210000300000000;Etalin;259383;259383;1210000300000000.0;12;10;3;0;0;0;CIRCLE;Etalin Circle;Total;289;1575;1021;554;214;104;110;40;34;6;883;464;419;634;472;162;941;549;392;1031;796;235;1008;782;226;282;134;148;3;3;0;2;2;0;721;643;78;23;14;9;16;8;8;0;0;0;0;0;0;7;6;1;544;225;319;;;;;;;;;;;;;;;;;;;;;;;;;;;;;;;;;;;;;;;;;;;;;;;;;;;;;;;;;;;;;;;;;;;;;;;;;;;;;;;;;;;;;;;;;;;;;;;;;;;;;;;;;;;;;;;;;;;;;;;;;;;;;;;;;;;;;;;;;;;;;;459134.2401234284;4352742505.621544
6.0;12;07;0002;00000000;1207000200000000;Monigong;259384;259384;1207000200000000.0;12;7;2;0;0;0;CIRCLE;Monigong Circle;Total;516;3025;1448;1577;515;259;256;0;0;0;3003;1435;1568;550;382;168;2475;1066;1409;938;550;388;870;526;344;741;415;326;2;2;0;4;3;1;123;106;17;68;24;44;66;24;42;0;0;0;0;0;0;2;0;2;2087;898;1189;;;;;;;;;;;;;;;;;;;;;;;;;;;;;;;;;;;;;;;;;;;;;;;;;;;;;;;;;;;;;;;;;;;;;;;;;;;;;;;;;;;;;;;;;;;;;;;;;;;;;;;;;;;;;;;;;;;;;;;;;;;;;;;;;;;;;;;;;;;;;;167579.9054802824;1366008267.661392
7.0;12;09;0005;00000000;1209000500000000;Singa;259385;259385;1209000500000000.0;12;9;5;0;0;0;CIRCLE;Singa Circle;Total;182;950;451;499;207;92;115;0;0;0;899;424;475;299;182;117;651;269;382;590;280;310;462;217;245;431;188;243;0;0;0;1;1;0;30;28;2;128;63;65;122;62;60;1;0;1;0;0;0;5;1;4;360;171;189;;;;;;;;;;;;;;;;;;;;;;;;;;;;;;;;;;;;;;;;;;;;;;;;;;;;;;;;;;;;;;;;;;;;;;;;;;;;;;;;;;;;;;;;;;;;;;;;;;;;;;;;;;;;;;;;;;;;;;;;;;;;;;;;;;;;;;;;;;;;;;125843.68377348225;777118943.373335
8.0;12;09;0003;00000000;1209000300000000;Palling;259386;259386;1209000300000000.0;12;9;3;0;0;0;CIRCLE;Palling Circle;Total;147;736;375;361;130;69;61;0;0;0;733;372;361;236;139;97;500;236;264;438;220;218;362;186;176;307;150;157;1;1;0;4;2;2;50;33;17;76;34;42;74;32;42;2;2;0;0;0;0;0;0;0;298;155;143;;;;;;;;;;;;;;;;;;;;;;;;;;;;;;;;;;;;;;;;;;;;;;;;;;;;;;;;;;;;;;;;;;;;;;;;;;;;;;;;;;;;;;;;;;;;;;;;;;;;;;;;;;;;;;;;;;;;;;;;;;;;;;;;;;;;;;;;;;;;;;71696.98857575536;164081984.187357
9.0;12;09;0002;00000000;1209000200000000;Migging;259387;259387;1209000200000000.0;12;9;2;0;0;0;CIRCLE;Migging Circle;Total;260;1223;745;478;211;116;95;47;39;8;817;419;398;395;283;112;828;462;366;753;501;252;713;478;235;296;124;172;4;2;2;1;1;0;412;351;61;40;23;17;30;15;15;2;1;1;1;0;1;7;7;0;470;244;226;;;;;;;;;;;;;;;;;;;;;;;;;;;;;;;;;;;;;;;;;;;;;;;;;;;;;;;;;;;;;;;;;;;;;;;;;;;;;;;;;;;;;;;;;;;;;;;;;;;;;;;;;;;;;;;;;;;;;;;;;;;;;;;;;;;;;;;;;;;;;;152137.99602975565;544953941.3139062
10.0;12;07;0004;00000000;1207000400000000;Payum;259388;259388;1207000400000000.0;12;7;4;0;0;0;CIRCLE;Payum Circle;Total;315;1469;760;709;235;131;104;0;0;0;1387;711;676;499;304;195;970;456;514;783;399;384;680;347;333;572;269;303;0;0;0;8;4;4;100;74;26;103;52;51;53;32;21;3;0;3;16;1;15;31;19;12;686;361;325;;;;;;;;;;;;;;;;;;;;;;;;;;;;;;;;;;;;;;;;;;;;;;;;;;;;;;;;;;;;;;;;;;;;;;;;;;;;;;;;;;;;;;;;;;;;;;;;;;;;;;;;;;;;;;;;;;;;;;;;;;;;;;;;;;;;;;;;;;;;;;157564.43551759413;865513438.8967266
11.0;12;09;0006;00000000;1209000600000000;Yingkiong;259389;259389;1209000600000000.0;12;9;6;0;0;0;CIRCLE;Yingkiong Circle;Total;1960;8698;5109;3589;1529;766;763;47;31;16;4859;2444;2415;4665;3148;1517;4033;1961;2072;4382;3193;1189;4145;3077;1068;1248;609;639;224;139;85;22;19;3;2651;2310;341;237;116;121;184;95;89;9;2;7;1;0;1;43;19;24;4316;1916;2400;;;;;;;;;;;;;;;;;;;;;;;;;;;;;;;;;;;;;;;;;;;;;;;;;;;;;;;;;;;;;;;;;;;;;;;;;;;;;;;;;;;;;;;;;;;;;;;;;;;;;;;;;;;;;;;;;;;;;;;;;;;;;;;;;;;;;;;;;;;;;;134921.94591533614;563838984.9403147
12.0;12;09;0007;00000000;1209000700000000;Jengging;259390;259390;1209000700000000.0;12;9;7;0;0;0;CIRCLE;Jengging Circle;Total;784;3262;1773;1489;558;259;299;1;1;0;2313;1160;1153;1572;1020;552;1690;753;937;1696;1097;599;1486;1008;478;780;411;369;41;32;9;5;1;4;660;564;96;210;89;121;143;56;87;29;13;16;1;0;1;37;20;17;1566;676;890;;;;;;;;;;;;;;;;;;;;;;;;;;;;;;;;;;;;;;;;;;;;;;;;;;;;;;;;;;;;;;;;;;;;;;;;;;;;;;;;;;;;;;;;;;;;;;;;;;;;;;;;;;;;;;;;;;;;;;;;;;;;;;;;;;;;;;;;;;;;;;142298.3230976247;625361929.2110602
13.0;12;10;0004;00000000;1210000400000000;Anelih;259391;259391;1210000400000000.0;12;10;4;0;0;0;CIRCLE;Anelih Circle;Total;148;564;285;279;89;50;39;0;0;0;529;262;267;189;118;71;375;167;208;260;141;119;120;68;52;68;29;39;0;0;0;4;1;3;48;38;10;140;73;67;126;67;59;3;3;0;5;1;4;6;2;4;304;144;160;;;;;;;;;;;;;;;;;;;;;;;;;;;;;;;;;;;;;;;;;;;;;;;;;;;;;;;;;;;;;;;;;;;;;;;;;;;;;;;;;;;;;;;;;;;;;;;;;;;;;;;;;;;;;;;;;;;;;;;;;;;;;;;;;;;;;;;;;;;;;;155023.11295072443;691758715.545735
14.0;12;07;0001;00000000;1207000100000000;Mechuka;259392;259392;1207000100000000.0;12;7;1;0;0;0;CIRCLE;Mechuka Circle;Total;732;4446;2395;2051;850;428;422;11;11;0;3985;1976;2009;1884;1303;581;2562;1092;1470;2047;1231;816;1911;1174;737;1143;526;617;1;1;0;4;2;2;763;645;118;136;57;79;112;46;66;9;4;5;1;0;1;14;7;7;2399;1164;1235;;;;;;;;;;;;;;;;;;;;;;;;;;;;;;;;;;;;;;;;;;;;;;;;;;;;;;;;;;;;;;;;;;;;;;;;;;;;;;;;;;;;;;;;;;;;;;;;;;;;;;;;;;;;;;;;;;;;;;;;;;;;;;;;;;;;;;;;;;;;;;129106.88592502702;685377850.0226796
15.0;12;09;0009;00000000;1209000900000000;Mariyang;259393;259393;1209000900000000.0;12;9;9;0;0;0;CIRCLE;Mariyang Circle;Total;1235;6771;3476;3295;1406;694;712;12;9;3;6266;3147;3119;2062;1274;788;4709;2202;2507;3116;1649;1467;2915;1554;1361;2376;1117;1259;12;12;0;14;7;7;513;418;95;201;95;106;159;72;87;5;3;2;5;3;2;32;17;15;3655;1827;1828;;;;;;;;;;;;;;;;;;;;;;;;;;;;;;;;;;;;;;;;;;;;;;;;;;;;;;;;;;;;;;;;;;;;;;;;;;;;;;;;;;;;;;;;;;;;;;;;;;;;;;;;;;;;;;;;;;;;;;;;;;;;;;;;;;;;;;;;;;;;;;173605.3454492149;843478427.0435367
16.0;12;07;0003;00000000;1207000300000000;Pidi;259394;259394;1207000300000000.0;12;7;3;0;0;0;CIRCLE;Pidi Circle;Total;131;666;331;335;102;47;55;0;0;0;666;331;335;153;96;57;513;235;278;274;139;135;257;130;127;243;120;123;0;0;0;1;0;1;13;10;3;17;9;8;9;2;7;1;1;0;0;0;0;7;6;1;392;192;200;;;;;;;;;;;;;;;;;;;;;;;;;;;;;;;;;;;;;;;;;;;;;;;;;;;;;;;;;;;;;;;;;;;;;;;;;;;;;;;;;;;;;;;;;;;;;;;;;;;;;;;;;;;;;;;;;;;;;;;;;;;;;;;;;;;;;;;;;;;;;;70852.33710327026;237037131.09377867
17.0;12;06;0003;00000000;1206000300000000;Nacho;259395;259395;1206000300000000.0;12;6;3;0;0;0;CIRCLE;Nacho Circle;Total;842;3768;1848;1920;724;391;333;0;0;0;3671;1781;1890;771;507;264;2997;1341;1656;1810;857;953;1770;843;927;1528;642;886;6;3;3;11;7;4;225;191;34;40;14;26;19;4;15;18;8;10;1;1;0;2;1;1;1958;991;967;;;;;;;;;;;;;;;;;;;;;;;;;;;;;;;;;;;;;;;;;;;;;;;;;;;;;;;;;;;;;;;;;;;;;;;;;;;;;;;;;;;;;;;;;;;;;;;;;;;;;;;;;;;;;;;;;;;;;;;;;;;;;;;;;;;;;;;;;;;;;;180203.17002393157;1398599508.9213605
18.0;12;06;0002;00000000;1206000200000000;Limeking;259396;259396;1206000200000000.0;12;6;2;0;0;0;CIRCLE;Limeking Circle;Total;177;874;428;446;173;83;90;0;0;0;856;417;439;216;136;80;658;292;366;405;215;190;305;205;100;200;119;81;0;0;0;2;2;0;103;84;19;100;10;90;95;5;90;0;0;0;2;2;0;3;3;0;469;213;256;;;;;;;;;;;;;;;;;;;;;;;;;;;;;;;;;;;;;;;;;;;;;;;;;;;;;;;;;;;;;;;;;;;;;;;;;;;;;;;;;;;;;;;;;;;;;;;;;;;;;;;;;;;;;;;;;;;;;;;;;;;;;;;;;;;;;;;;;;;;;;155724.62254167057;1046170836.1291246
19.0;12;06;0004;00000000;1206000400000000;Siyum;259397;259397;1206000400000000.0;12;6;4;0;0;0;CIRCLE;Siyum Circle;Total;849;4055;1964;2091;851;426;425;0;0;0;3995;1930;2065;763;515;248;3292;1449;1843;2113;1008;1105;2061;983;1078;1862;823;1039;24;14;10;4;1;3;171;145;26;52;25;27;42;21;21;5;2;3;0;0;0;5;2;3;1942;956;986;;;;;;;;;;;;;;;;;;;;;;;;;;;;;;;;;;;;;;;;;;;;;;;;;;;;;;;;;;;;;;;;;;;;;;;;;;;;;;;;;;;;;;;;;;;;;;;;;;;;;;;;;;;;;;;;;;;;;;;;;;;;;;;;;;;;;;;;;;;;;;135943.393257449;618402364.7371508
20.0;12;06;0001;00000000;1206000100000000;Taksing;259398;259398;1206000100000000.0;12;6;1;0;0;0;CIRCLE;Taksing Circle;Total;147;592;284;308;108;52;56;0;0;0;586;281;305;243;142;101;349;142;207;314;144;170;240;128;112;180;73;107;0;0;0;1;1;0;59;54;5;74;16;58;73;16;57;0;0;0;1;0;1;0;0;0;278;140;138;;;;;;;;;;;;;;;;;;;;;;;;;;;;;;;;;;;;;;;;;;;;;;;;;;;;;;;;;;;;;;;;;;;;;;;;;;;;;;;;;;;;;;;;;;;;;;;;;;;;;;;;;;;;;;;;;;;;;;;;;;;;;;;;;;;;;;;;;;;;;;128555.02007832318;606885778.8462312
21.0;12;07;0005;00000000;1207000500000000;Tato;259399;259399;1207000500000000.0;12;7;5;0;0;0;CIRCLE;Tato Circle;Total;390;2132;1108;1024;493;241;252;0;0;0;1968;987;981;601;377;224;1531;731;800;1011;574;437;840;493;347;462;222;240;5;3;2;4;1;3;369;267;102;171;81;90;69;19;50;23;17;6;27;4;23;52;41;11;1121;534;587;;;;;;;;;;;;;;;;;;;;;;;;;;;;;;;;;;;;;;;;;;;;;;;;;;;;;;;;;;;;;;;;;;;;;;;;;;;;;;;;;;;;;;;;;;;;;;;;;;;;;;;;;;;;;;;;;;;;;;;;;;;;;;;;;;;;;;;;;;;;;;115868.86576071885;446641140.77565503
22.0;12;10;0007;00000000;1210000700000000;Desali;259400;259400;1210000700000000.0;12;10;7;0;0;0;CIRCLE;Desali Circle;Total;216;823;417;406;164;71;93;0;0;0;710;337;373;305;190;115;518;227;291;404;259;145;348;255;93;222;139;83;8;5;3;0;0;0;118;111;7;56;4;52;51;2;49;5;2;3;0;0;0;0;0;0;419;158;261;;;;;;;;;;;;;;;;;;;;;;;;;;;;;;;;;;;;;;;;;;;;;;;;;;;;;;;;;;;;;;;;;;;;;;;;;;;;;;;;;;;;;;;;;;;;;;;;;;;;;;;;;;;;;;;;;;;;;;;;;;;;;;;;;;;;;;;;;;;;;;163147.7974331932;927854604.0102613
23.0;12;10;0005;00000000;1210000500000000;Kronli;259401;259401;1210000500000000.0;12;10;5;0;0;0;CIRCLE;Kronli Circle;Total;213;789;406;383;115;60;55;0;0;0;710;355;355;272;177;95;517;229;288;404;212;192;395;210;185;306;144;162;1;1;0;5;3;2;83;62;21;9;2;7;7;2;5;0;0;0;0;0;0;2;0;2;385;194;191;;;;;;;;;;;;;;;;;;;;;;;;;;;;;;;;;;;;;;;;;;;;;;;;;;;;;;;;;;;;;;;;;;;;;;;;;;;;;;;;;;;;;;;;;;;;;;;;;;;;;;;;;;;;;;;;;;;;;;;;;;;;;;;;;;;;;;;;;;;;;;160918.4786933844;642366993.5513213
24.0;12;08;0002;00000000;1208000200000000;Riga;259402;259402;1208000200000000.0;12;8;2;0;0;0;CIRCLE;Riga Circle;Total;788;3887;2030;1857;722;351;371;0;0;0;3797;1966;1831;1604;914;690;2283;1116;1167;1987;1084;903;1904;1046;858;1779;934;845;27;23;4;3;3;0;95;86;9;83;38;45;80;37;43;2;1;1;0;0;0;1;0;1;1900;946;954;;;;;;;;;;;;;;;;;;;;;;;;;;;;;;;;;;;;;;;;;;;;;;;;;;;;;;;;;;;;;;;;;;;;;;;;;;;;;;;;;;;;;;;;;;;;;;;;;;;;;;;;;;;;;;;;;;;;;;;;;;;;;;;;;;;;;;;;;;;;;;94849.60672090467;367207444.75128984
25.0;12;08;0001;00000000;1208000100000000;Boleng;259403;259403;1208000100000000.0;12;8;1;0;0;0;CIRCLE;Boleng Circle;Total;1006;4985;2569;2416;998;498;500;24;17;7;3900;1940;1960;2398;1370;1028;2587;1199;1388;1828;1101;727;1632;1047;585;977;533;444;31;23;8;8;6;2;616;485;131;196;54;142;145;29;116;7;4;3;1;0;1;43;21;22;3157;1468;1689;;;;;;;;;;;;;;;;;;;;;;;;;;;;;;;;;;;;;;;;;;;;;;;;;;;;;;;;;;;;;;;;;;;;;;;;;;;;;;;;;;;;;;;;;;;;;;;;;;;;;;;;;;;;;;;;;;;;;;;;;;;;;;;;;;;;;;;;;;;;;;105284.02396360572;336931047.8904875
26.0;12;09;0008;00000000;1209000800000000;Geku;259404;259404;1209000800000000.0;12;9;8;0;0;0;CIRCLE;Geku Circle;Total;782;4222;2178;2044;872;430;442;8;6;2;3742;1890;1852;1428;883;545;2794;1295;1499;1990;1068;922;1832;1008;824;1493;742;751;19;15;4;18;7;11;302;244;58;158;60;98;110;51;59;1;0;1;8;2;6;39;7;32;2232;1110;1122;;;;;;;;;;;;;;;;;;;;;;;;;;;;;;;;;;;;;;;;;;;;;;;;;;;;;;;;;;;;;;;;;;;;;;;;;;;;;;;;;;;;;;;;;;;;;;;;;;;;;;;;;;;;;;;;;;;;;;;;;;;;;;;;;;;;;;;;;;;;;;72017.03287970753;253390513.4092304
27.0;12;10;0009;00000000;1210000900000000;Dambuk;259405;259405;1210000900000000.0;12;10;9;0;0;0;CIRCLE;Dambuk Circle;Total;1885;10443;5492;4951;2325;1181;1144;203;104;99;6749;3431;3318;4279;2736;1543;6164;2756;3408;4496;2611;1885;3790;2401;1389;2471;1391;1080;435;286;149;44;35;9;840;689;151;706;210;496;554;157;397;97;26;71;10;4;6;45;23;22;5947;2881;3066;;;;;;;;;;;;;;;;;;;;;;;;;;;;;;;;;;;;;;;;;;;;;;;;;;;;;;;;;;;;;;;;;;;;;;;;;;;;;;;;;;;;;;;;;;;;;;;;;;;;;;;;;;;;;;;;;;;;;;;;;;;;;;;;;;;;;;;;;;;;;;226442.01648398757;1246119337.4857972
28.0;12;10;0006;00000000;1210000600000000;Hunli;259406;259406;1210000600000000.0;12;10;6;0;0;0;CIRCLE;Hunli Circle;Total;281;1030;581;449;146;77;69;9;9;0;725;376;349;488;333;155;542;248;294;581;394;187;544;389;155;277;158;119;18;14;4;4;0;4;245;217;28;37;5;32;33;3;30;0;0;0;0;0;0;4;2;2;449;187;262;;;;;;;;;;;;;;;;;;;;;;;;;;;;;;;;;;;;;;;;;;;;;;;;;;;;;;;;;;;;;;;;;;;;;;;;;;;;;;;;;;;;;;;;;;;;;;;;;;;;;;;;;;;;;;;;;;;;;;;;;;;;;;;;;;;;;;;;;;;;;;129757.57998698173;500255610.2307717
29.0;12;11;0006;00000000;1211000600000000;Chaglagam;259407;259407;1211000600000000.0;12;11;6;0;0;0;CIRCLE;Chaglagam Circle;Total;569;2359;1212;1147;441;222;219;0;0;0;2275;1148;1127;303;255;48;2056;957;1099;1264;699;565;1135;654;481;997;530;467;4;4;0;4;1;3;130;119;11;129;45;84;122;44;78;2;0;2;2;0;2;3;1;2;1095;513;582;;;;;;;;;;;;;;;;;;;;;;;;;;;;;;;;;;;;;;;;;;;;;;;;;;;;;;;;;;;;;;;;;;;;;;;;;;;;;;;;;;;;;;;;;;;;;;;;;;;;;;;;;;;;;;;;;;;;;;;;;;;;;;;;;;;;;;;;;;;;;;147130.34006648732;1044562607.3859762
30.0;12;06;0005;00000000;1206000500000000;Taliha;259408;259408;1206000500000000.0;12;6;5;0;0;0;CIRCLE;Taliha Circle;Total;1343;6355;3200;3155;1195;584;611;0;0;0;6139;3055;3084;2207;1379;828;4148;1821;2327;2660;1377;1283;2582;1348;1234;2162;986;1176;2;1;1;6;5;1;412;356;56;78;29;49;73;26;47;1;1;0;0;0;0;4;2;2;3695;1823;1872;;;;;;;;;;;;;;;;;;;;;;;;;;;;;;;;;;;;;;;;;;;;;;;;;;;;;;;;;;;;;;;;;;;;;;;;;;;;;;;;;;;;;;;;;;;;;;;;;;;;;;;;;;;;;;;;;;;;;;;;;;;;;;;;;;;;;;;;;;;;;;187098.1349112257;849484402.5863361
31.0;12;07;0006;00000000;1207000600000000;Kaying;259409;259409;1207000600000000.0;12;7;6;0;0;0;CIRCLE;Kaying Circle;Total;729;4084;2075;2009;833;446;387;2;1;1;3507;1765;1742;1810;1013;797;2274;1062;1212;1736;941;795;1611;877;734;1229;589;640;2;1;1;28;19;9;352;268;84;125;64;61;113;56;57;4;2;2;1;1;0;7;5;2;2348;1134;1214;;;;;;;;;;;;;;;;;;;;;;;;;;;;;;;;;;;;;;;;;;;;;;;;;;;;;;;;;;;;;;;;;;;;;;;;;;;;;;;;;;;;;;;;;;;;;;;;;;;;;;;;;;;;;;;;;;;;;;;;;;;;;;;;;;;;;;;;;;;;;;97684.33643003725;260882252.95938775
32.0;12;11;0003;00000000;1211000300000000;Hayuliang;259410;259410;1211000300000000.0;12;11;3;0;0;0;CIRCLE;Hayuliang Circle;Total;1139;5202;3106;2096;879;455;424;16;11;5;2910;1546;1364;2467;1822;645;2735;1284;1451;2477;1766;711;2116;1632;484;699;343;356;5;5;0;6;4;2;1406;1280;126;361;134;227;273;97;176;26;2;24;15;7;8;47;28;19;2725;1340;1385;;;;;;;;;;;;;;;;;;;;;;;;;;;;;;;;;;;;;;;;;;;;;;;;;;;;;;;;;;;;;;;;;;;;;;;;;;;;;;;;;;;;;;;;;;;;;;;;;;;;;;;;;;;;;;;;;;;;;;;;;;;;;;;;;;;;;;;;;;;;;;168156.0541842677;682613502.9324081
33.0;12;07;0008;00000000;1207000800000000;Kamba;259411;259411;1207000800000000.0;12;7;8;0;0;0;CIRCLE;Kamba Circle;Total;914;5739;2948;2791;999;495;504;15;12;3;5097;2561;2536;2686;1516;1170;3053;1432;1621;2204;1215;989;2087;1153;934;1520;713;807;8;6;2;10;7;3;549;427;122;117;62;55;31;8;23;29;19;10;3;2;1;54;33;21;3535;1733;1802;;;;;;;;;;;;;;;;;;;;;;;;;;;;;;;;;;;;;;;;;;;;;;;;;;;;;;;;;;;;;;;;;;;;;;;;;;;;;;;;;;;;;;;;;;;;;;;;;;;;;;;;;;;;;;;;;;;;;;;;;;;;;;;;;;;;;;;;;;;;;;147540.06710040435;568207058.1726302
34.0;12;11;0005;00000000;1211000500000000;Goiliang;259412;259412;1211000500000000.0;12;11;5;0;0;0;CIRCLE;Goiliang Circle;Total;361;1662;874;788;222;132;90;0;0;0;1635;856;779;239;167;72;1423;707;716;956;489;467;787;453;334;729;407;322;3;2;1;2;1;1;53;43;10;169;36;133;94;14;80;53;14;39;5;0;5;17;8;9;706;385;321;;;;;;;;;;;;;;;;;;;;;;;;;;;;;;;;;;;;;;;;;;;;;;;;;;;;;;;;;;;;;;;;;;;;;;;;;;;;;;;;;;;;;;;;;;;;;;;;;;;;;;;;;;;;;;;;;;;;;;;;;;;;;;;;;;;;;;;;;;;;;;133497.2859071003;640730333.1799603
35.0;12;07;0009;00000000;1207000900000000;Rumgong;259413;259413;1207000900000000.0;12;7;9;0;0;0;CIRCLE;Rumgong Circle;Total;534;2777;1424;1353;516;277;239;0;0;0;2588;1306;1282;1174;647;527;1603;777;826;1111;634;477;1084;622;462;892;480;412;5;3;2;13;7;6;174;132;42;27;12;15;21;8;13;2;2;0;0;0;0;4;2;2;1666;790;876;;;;;;;;;;;;;;;;;;;;;;;;;;;;;;;;;;;;;;;;;;;;;;;;;;;;;;;;;;;;;;;;;;;;;;;;;;;;;;;;;;;;;;;;;;;;;;;;;;;;;;;;;;;;;;;;;;;;;;;;;;;;;;;;;;;;;;;;;;;;;;61087.10757230805;227368584.80372652
36.0;12;08;0004;00000000;1208000400000000;Rebo-Perging;259414;259414;1208000400000000.0;12;8;4;0;0;0;CIRCLE;Rebo-Perging Circle;Total;389;2421;1208;1213;515;264;251;0;0;0;2413;1204;1209;734;424;310;1687;784;903;1040;533;507;1034;532;502;987;493;494;2;1;1;24;18;6;21;20;1;6;1;5;1;0;1;0;0;0;1;0;1;4;1;3;1381;675;706;;;;;;;;;;;;;;;;;;;;;;;;;;;;;;;;;;;;;;;;;;;;;;;;;;;;;;;;;;;;;;;;;;;;;;;;;;;;;;;;;;;;;;;;;;;;;;;;;;;;;;;;;;;;;;;;;;;;;;;;;;;;;;;;;;;;;;;;;;;;;;61205.269125135106;158504035.11474684
37.0;12;11;0007;00000000;1211000700000000;Kibithoo;259415;259415;1211000700000000.0;12;11;7;0;0;0;CIRCLE;Kibithoo Circle;Total;162;953;720;233;131;61;70;0;0;0;273;148;125;612;561;51;341;159;182;658;597;61;651;595;56;97;49;48;2;2;0;0;0;0;552;544;8;7;2;5;7;2;5;0;0;0;0;0;0;0;0;0;295;123;172;;;;;;;;;;;;;;;;;;;;;;;;;;;;;;;;;;;;;;;;;;;;;;;;;;;;;;;;;;;;;;;;;;;;;;;;;;;;;;;;;;;;;;;;;;;;;;;;;;;;;;;;;;;;;;;;;;;;;;;;;;;;;;;;;;;;;;;;;;;;;;149042.51021752824;652018880.5824488
38.0;12;11;0002;00000000;1211000200000000;Tezu;259416;259416;1211000200000000.0;12;11;2;0;0;0;CIRCLE;Tezu Circle;Total;6874;31304;17200;14104;5373;2767;2606;218;127;91;7649;3711;3938;18371;11327;7044;12933;5873;7060;11469;8903;2566;10779;8473;2306;3599;2124;1475;211;175;36;119;106;13;6850;6068;782;690;430;260;156;67;89;101;51;50;25;10;15;408;302;106;19835;8297;11538;;;;;;;;;;;;;;;;;;;;;;;;;;;;;;;;;;;;;;;;;;;;;;;;;;;;;;;;;;;;;;;;;;;;;;;;;;;;;;;;;;;;;;;;;;;;;;;;;;;;;;;;;;;;;;;;;;;;;;;;;;;;;;;;;;;;;;;;;;;;;;184244.2701365253;1036025194.4660771
39.0;12;09;0010;00000000;1209001000000000;Katan;259417;259417;1209001000000000.0;12;9;10;0;0;0;CIRCLE;Katan Circle;Total;497;2844;1459;1385;555;279;276;4;2;2;2768;1414;1354;887;560;327;1957;899;1058;1451;771;680;1304;695;609;1135;557;578;38;36;2;2;2;0;129;100;29;147;76;71;144;73;71;3;3;0;0;0;0;0;0;0;1393;688;705;;;;;;;;;;;;;;;;;;;;;;;;;;;;;;;;;;;;;;;;;;;;;;;;;;;;;;;;;;;;;;;;;;;;;;;;;;;;;;;;;;;;;;;;;;;;;;;;;;;;;;;;;;;;;;;;;;;;;;;;;;;;;;;;;;;;;;;;;;;;;;67997.28133545491;174519818.37701583
40.0;12;06;0006;00000000;1206000600000000;Payeng;259418;259418;1206000600000000.0;12;6;6;0;0;0;CIRCLE;Payeng Circle;Total;155;683;336;347;165;80;85;0;0;0;683;336;347;155;103;52;528;233;295;303;150;153;286;143;143;279;137;142;1;0;1;1;1;0;5;5;0;17;7;10;6;3;3;0;0;0;0;0;0;11;4;7;380;186;194;;;;;;;;;;;;;;;;;;;;;;;;;;;;;;;;;;;;;;;;;;;;;;;;;;;;;;;;;;;;;;;;;;;;;;;;;;;;;;;;;;;;;;;;;;;;;;;;;;;;;;;;;;;;;;;;;;;;;;;;;;;;;;;;;;;;;;;;;;;;;;36326.303272063014;75924277.05557922
41.0;12;10;0008;00000000;1210000800000000;Roing;259419;259419;1210000800000000.0;12;10;8;0;0;0;CIRCLE;Roing Circle;Total;7073;34627;18793;15834;5937;3040;2897;235;136;99;12690;6378;6312;18147;11236;6911;16480;7557;8923;14894;9732;5162;12638;8800;3838;6101;3510;2591;705;465;240;130;109;21;5702;4716;986;2256;932;1324;1374;477;897;435;173;262;23;9;14;424;273;151;19733;9061;10672;;;;;;;;;;;;;;;;;;;;;;;;;;;;;;;;;;;;;;;;;;;;;;;;;;;;;;;;;;;;;;;;;;;;;;;;;;;;;;;;;;;;;;;;;;;;;;;;;;;;;;;;;;;;;;;;;;;;;;;;;;;;;;;;;;;;;;;;;;;;;;177316.4433341257;1006523607.1585772
42.0;12;08;0012;00000000;1208001200000000;Mebo;259420;259420;1208001200000000.0;12;8;12;0;0;0;CIRCLE;Mebo Circle;Total;2167;12980;6702;6278;2632;1349;1283;19;14;5;11272;5668;5604;5167;3177;1990;7813;3525;4288;6128;3311;2817;4967;2819;2148;3594;1775;1819;47;33;14;86;43;43;1240;968;272;1161;492;669;521;209;312;182;77;105;17;4;13;441;202;239;6852;3391;3461;;;;;;;;;;;;;;;;;;;;;;;;;;;;;;;;;;;;;;;;;;;;;;;;;;;;;;;;;;;;;;;;;;;;;;;;;;;;;;;;;;;;;;;;;;;;;;;;;;;;;;;;;;;;;;;;;;;;;;;;;;;;;;;;;;;;;;;;;;;;;;168419.28810340364;872948183.8312885
43.0;12;05;0012;00000000;1205001200000000;Damin;259421;259421;1205001200000000.0;12;5;12;0;0;0;CIRCLE;Damin Circle;Total;522;2785;1429;1356;456;220;236;0;0;0;2714;1361;1353;605;436;169;2180;993;1187;1623;830;793;1136;605;531;971;447;524;4;4;0;2;2;0;159;152;7;487;225;262;485;223;262;0;0;0;0;0;0;2;2;0;1162;599;563;;;;;;;;;;;;;;;;;;;;;;;;;;;;;;;;;;;;;;;;;;;;;;;;;;;;;;;;;;;;;;;;;;;;;;;;;;;;;;;;;;;;;;;;;;;;;;;;;;;;;;;;;;;;;;;;;;;;;;;;;;;;;;;;;;;;;;;;;;;;;;189376.65853211013;1586757263.4682825
44.0;12;05;0013;00000000;1205001300000000;Longding Koling;259422;259422;1205001300000000.0;12;5;13;0;0;0;CIRCLE;Longding Koling Circle;Total;370;2206;1101;1105;202;108;94;0;0;0;2198;1098;1100;251;172;79;1955;929;1026;1388;667;721;1136;523;613;1103;504;599;8;4;4;16;6;10;9;9;0;252;144;108;214;130;84;29;9;20;4;2;2;5;3;2;818;434;384;;;;;;;;;;;;;;;;;;;;;;;;;;;;;;;;;;;;;;;;;;;;;;;;;;;;;;;;;;;;;;;;;;;;;;;;;;;;;;;;;;;;;;;;;;;;;;;;;;;;;;;;;;;;;;;;;;;;;;;;;;;;;;;;;;;;;;;;;;;;;;156310.13203735006;1067145996.4496917
45.0;12;08;0003;00000000;1208000300000000;Pangin;259423;259423;1208000300000000.0;12;8;3;0;0;0;CIRCLE;Pangin Circle;Total;879;4784;2538;2246;975;520;455;2;2;0;4132;2124;2008;2033;1183;850;2751;1355;1396;2038;1213;825;1859;1098;761;1270;622;648;61;44;17;17;9;8;511;423;88;179;115;64;99;52;47;3;3;0;8;5;3;69;55;14;2746;1325;1421;;;;;;;;;;;;;;;;;;;;;;;;;;;;;;;;;;;;;;;;;;;;;;;;;;;;;;;;;;;;;;;;;;;;;;;;;;;;;;;;;;;;;;;;;;;;;;;;;;;;;;;;;;;;;;;;;;;;;;;;;;;;;;;;;;;;;;;;;;;;;;133676.86557428114;666931507.604396
46.0;12;07;0010;00000000;1207001000000000;Jomlo Mobuk;259424;259424;1207001000000000.0;12;7;10;0;0;0;CIRCLE;Jomlo Mobuk Circle;Total;658;3910;2028;1882;836;445;391;0;0;0;3813;1964;1849;1611;945;666;2299;1083;1216;1735;902;833;1369;720;649;1183;577;606;23;15;8;15;13;2;148;115;33;366;182;184;299;136;163;55;40;15;5;4;1;7;2;5;2175;1126;1049;;;;;;;;;;;;;;;;;;;;;;;;;;;;;;;;;;;;;;;;;;;;;;;;;;;;;;;;;;;;;;;;;;;;;;;;;;;;;;;;;;;;;;;;;;;;;;;;;;;;;;;;;;;;;;;;;;;;;;;;;;;;;;;;;;;;;;;;;;;;;;60307.987844281255;128738260.88846292
47.0;12;07;0007;00000000;1207000700000000;Darak;259425;259425;1207000700000000.0;12;7;7;0;0;0;CIRCLE;Darak Circle;Total;201;1195;621;574;186;95;91;0;0;0;1165;597;568;478;273;205;717;348;369;503;273;230;496;269;227;398;192;206;0;0;0;0;0;0;98;77;21;7;4;3;3;2;1;2;1;1;0;0;0;2;1;1;692;348;344;;;;;;;;;;;;;;;;;;;;;;;;;;;;;;;;;;;;;;;;;;;;;;;;;;;;;;;;;;;;;;;;;;;;;;;;;;;;;;;;;;;;;;;;;;;;;;;;;;;;;;;;;;;;;;;;;;;;;;;;;;;;;;;;;;;;;;;;;;;;;;42115.26883018658;106953588.32724892
48.0;12;11;0008;00000000;1211000800000000;Walong;259426;259426;1211000800000000.0;12;11;8;0;0;0;CIRCLE;Walong Circle;Total;282;1279;744;535;271;125;146;2;2;0;639;314;325;510;374;136;769;370;399;652;448;204;628;434;194;241;112;129;3;3;0;0;0;0;384;319;65;24;14;10;5;3;2;2;1;1;0;0;0;17;10;7;627;296;331;;;;;;;;;;;;;;;;;;;;;;;;;;;;;;;;;;;;;;;;;;;;;;;;;;;;;;;;;;;;;;;;;;;;;;;;;;;;;;;;;;;;;;;;;;;;;;;;;;;;;;;;;;;;;;;;;;;;;;;;;;;;;;;;;;;;;;;;;;;;;;170137.13741302816;1129151879.7987645
49.0;12;06;0007;00000000;1206000700000000;Giba;259427;259427;1206000700000000.0;12;6;7;0;0;0;CIRCLE;Giba Circle;Total;849;4437;2190;2247;845;405;440;0;0;0;4411;2171;2240;1507;921;586;2930;1269;1661;2103;971;1132;1955;904;1051;1864;827;1037;10;7;3;4;2;2;77;68;9;148;67;81;87;47;40;48;13;35;2;2;0;11;5;6;2334;1219;1115;;;;;;;;;;;;;;;;;;;;;;;;;;;;;;;;;;;;;;;;;;;;;;;;;;;;;;;;;;;;;;;;;;;;;;;;;;;;;;;;;;;;;;;;;;;;;;;;;;;;;;;;;;;;;;;;;;;;;;;;;;;;;;;;;;;;;;;;;;;;;;128940.97587003115;765149849.2825696
50.0;12;07;0011;00000000;1207001100000000;Liromoba;259428;259428;1207001100000000.0;12;7;11;0;0;0;CIRCLE;Liromoba Circle;Total;633;3543;1887;1656;762;385;377;4;2;2;3167;1638;1529;1393;827;566;2150;1060;1090;1531;889;642;1465;869;596;1003;500;503;0;0;0;49;25;24;413;344;69;66;20;46;10;2;8;7;3;4;40;13;27;9;2;7;2012;998;1014;;;;;;;;;;;;;;;;;;;;;;;;;;;;;;;;;;;;;;;;;;;;;;;;;;;;;;;;;;;;;;;;;;;;;;;;;;;;;;;;;;;;;;;;;;;;;;;;;;;;;;;;;;;;;;;;;;;;;;;;;;;;;;;;;;;;;;;;;;;;;;79160.78620260923;247023103.6295555
51.0;12;11;0004;00000000;1211000400000000;Manchal;259429;259429;1211000400000000.0;12;11;4;0;0;0;CIRCLE;Manchal Circle;Total;658;3032;1512;1520;645;331;314;1;1;0;2979;1477;1502;666;472;194;2366;1040;1326;1492;726;766;1359;717;642;1259;635;624;2;2;0;7;7;0;91;73;18;133;9;124;132;8;124;0;0;0;0;0;0;1;1;0;1540;786;754;;;;;;;;;;;;;;;;;;;;;;;;;;;;;;;;;;;;;;;;;;;;;;;;;;;;;;;;;;;;;;;;;;;;;;;;;;;;;;;;;;;;;;;;;;;;;;;;;;;;;;;;;;;;;;;;;;;;;;;;;;;;;;;;;;;;;;;;;;;;;;139592.08723129844;518463526.4011955
52.0;12;11;0001;00000000;1211000100000000;Sunpura;259430;259430;1211000100000000.0;12;11;1;0;0;0;CIRCLE;Sunpura Circle;Total;974;4815;2542;2273;973;498;475;28;19;9;1842;888;954;2011;1318;693;2804;1224;1580;2198;1363;835;2066;1319;747;1142;609;533;354;217;137;2;2;0;568;491;77;132;44;88;86;17;69;26;8;18;0;0;0;20;19;1;2617;1179;1438;;;;;;;;;;;;;;;;;;;;;;;;;;;;;;;;;;;;;;;;;;;;;;;;;;;;;;;;;;;;;;;;;;;;;;;;;;;;;;;;;;;;;;;;;;;;;;;;;;;;;;;;;;;;;;;;;;;;;;;;;;;;;;;;;;;;;;;;;;;;;;130034.12768589189;484220878.76824623
53.0;12;07;0013;00000000;1207001300000000;Along;259431;259431;1207001300000000.0;12;7;13;0;0;0;CIRCLE;Along Circle;Total;5736;31449;16932;14517;4632;2379;2253;254;151;103;22006;10905;11101;18554;11032;7522;12895;5900;6995;12673;8461;4212;10730;7653;3077;4461;2276;2185;107;74;33;46;34;12;6116;5269;847;1943;808;1135;962;372;590;177;68;109;31;16;15;773;352;421;18776;8471;10305;;;;;;;;;;;;;;;;;;;;;;;;;;;;;;;;;;;;;;;;;;;;;;;;;;;;;;;;;;;;;;;;;;;;;;;;;;;;;;;;;;;;;;;;;;;;;;;;;;;;;;;;;;;;;;;;;;;;;;;;;;;;;;;;;;;;;;;;;;;;;;123695.31104114924;397081380.6310422
54.0;12;05;0010;00000000;1205001000000000;Sarli;259432;259432;1205001000000000.0;12;5;10;0;0;0;CIRCLE;Sarli Circle;Total;405;1972;1007;965;217;104;113;0;0;0;1863;936;927;307;194;113;1665;813;852;1206;609;597;1090;550;540;958;434;524;16;7;9;4;3;1;112;106;6;116;59;57;42;19;23;62;32;30;3;3;0;9;5;4;766;398;368;;;;;;;;;;;;;;;;;;;;;;;;;;;;;;;;;;;;;;;;;;;;;;;;;;;;;;;;;;;;;;;;;;;;;;;;;;;;;;;;;;;;;;;;;;;;;;;;;;;;;;;;;;;;;;;;;;;;;;;;;;;;;;;;;;;;;;;;;;;;;;177924.86770536567;1254977511.6985464
55.0;12;06;0010;00000000;1206001000000000;Dumporijo;259433;259433;1206001000000000.0;12;6;10;0;0;0;CIRCLE;Dumporijo Circle;Total;1513;8251;4265;3986;1564;822;742;1;1;0;7626;3891;3735;3297;1976;1321;4954;2289;2665;3375;1853;1522;3205;1773;1432;2458;1195;1263;34;22;12;33;17;16;680;539;141;170;80;90;73;25;48;30;17;13;23;7;16;44;31;13;4876;2412;2464;;;;;;;;;;;;;;;;;;;;;;;;;;;;;;;;;;;;;;;;;;;;;;;;;;;;;;;;;;;;;;;;;;;;;;;;;;;;;;;;;;;;;;;;;;;;;;;;;;;;;;;;;;;;;;;;;;;;;;;;;;;;;;;;;;;;;;;;;;;;;;110134.16348360127;525872058.27292126
56.0;12;08;0011;00000000;1208001100000000;Pasighat;259434;259434;1208001100000000.0;12;8;11;0;0;0;CIRCLE;Pasighat Circle;Total;6210;31615;16504;15111;5053;2538;2515;417;221;196;15478;7553;7925;19064;11059;8005;12551;5445;7106;10067;7232;2835;9191;6804;2387;1319;695;624;659;405;254;169;139;30;7044;5565;1479;876;428;448;235;101;134;169;92;77;69;25;44;403;210;193;21548;9272;12276;;;;;;;;;;;;;;;;;;;;;;;;;;;;;;;;;;;;;;;;;;;;;;;;;;;;;;;;;;;;;;;;;;;;;;;;;;;;;;;;;;;;;;;;;;;;;;;;;;;;;;;;;;;;;;;;;;;;;;;;;;;;;;;;;;;;;;;;;;;;;;92278.25400486393;336843468.3889927
57.0;12;07;0012;00000000;1207001200000000;Yomcha;259435;259435;1207001200000000.0;12;7;12;0;0;0;CIRCLE;Yomcha Circle;Total;416;2225;1175;1050;493;256;237;8;3;5;2011;1018;993;964;563;401;1261;612;649;960;558;402;860;505;355;516;237;279;102;84;18;9;9;0;233;175;58;100;53;47;54;26;28;2;1;1;1;0;1;43;26;17;1265;617;648;;;;;;;;;;;;;;;;;;;;;;;;;;;;;;;;;;;;;;;;;;;;;;;;;;;;;;;;;;;;;;;;;;;;;;;;;;;;;;;;;;;;;;;;;;;;;;;;;;;;;;;;;;;;;;;;;;;;;;;;;;;;;;;;;;;;;;;;;;;;;;51950.94786633858;93669548.40160114
58.0;12;10;0010;00000000;1210001000000000;Koronu;259436;259436;1210001000000000.0;12;10;10;0;0;0;CIRCLE;Koronu Circle;Total;784;3525;1873;1652;741;395;346;1;1;0;1131;514;617;1372;843;529;2153;1030;1123;1572;971;601;1426;918;508;1099;648;451;74;57;17;6;3;3;247;210;37;146;53;93;43;10;33;55;24;31;5;3;2;43;16;27;1953;902;1051;;;;;;;;;;;;;;;;;;;;;;;;;;;;;;;;;;;;;;;;;;;;;;;;;;;;;;;;;;;;;;;;;;;;;;;;;;;;;;;;;;;;;;;;;;;;;;;;;;;;;;;;;;;;;;;;;;;;;;;;;;;;;;;;;;;;;;;;;;;;;;50082.305202337426;163013568.6563488
59.0;12;11;0009;00000000;1211000900000000;Hawai;259437;259437;1211000900000000.0;12;11;9;0;0;0;CIRCLE;Hawai Circle;Total;949;3954;1996;1958;952;508;444;0;0;0;3538;1744;1794;925;652;273;3029;1344;1685;2020;1043;977;1904;998;906;1612;741;871;9;5;4;0;0;0;283;252;31;116;45;71;87;31;56;4;0;4;2;1;1;23;13;10;1934;953;981;;;;;;;;;;;;;;;;;;;;;;;;;;;;;;;;;;;;;;;;;;;;;;;;;;;;;;;;;;;;;;;;;;;;;;;;;;;;;;;;;;;;;;;;;;;;;;;;;;;;;;;;;;;;;;;;;;;;;;;;;;;;;;;;;;;;;;;;;;;;;;284617.6128985392;1753915989.6864083
60.0;12;07;0020;00000000;1207002000000000;Bagra;259438;259438;1207002000000000.0;12;7;20;0;0;0;CIRCLE;Bagra Circle;Total;699;4558;2282;2276;627;323;304;0;0;0;4515;2252;2263;2007;1130;877;2551;1152;1399;2308;1123;1185;1758;851;907;1640;760;880;14;7;7;17;9;8;87;75;12;550;272;278;467;227;240;4;3;1;18;6;12;61;36;25;2250;1159;1091;;;;;;;;;;;;;;;;;;;;;;;;;;;;;;;;;;;;;;;;;;;;;;;;;;;;;;;;;;;;;;;;;;;;;;;;;;;;;;;;;;;;;;;;;;;;;;;;;;;;;;;;;;;;;;;;;;;;;;;;;;;;;;;;;;;;;;;;;;;;;;51221.524009030894;163690431.52782333
61.0;12;08;0008;00000000;1208000800000000;Bilat;259439;259439;1208000800000000.0;12;8;8;0;0;0;CIRCLE;Bilat Circle;Total;806;4762;2417;2345;744;384;360;1;1;0;4286;2143;2143;2533;1428;1105;2229;989;1240;1918;1026;892;1562;987;575;1048;709;339;44;35;9;156;14;142;314;229;85;356;39;317;322;32;290;7;1;6;7;0;7;20;6;14;2844;1391;1453;;;;;;;;;;;;;;;;;;;;;;;;;;;;;;;;;;;;;;;;;;;;;;;;;;;;;;;;;;;;;;;;;;;;;;;;;;;;;;;;;;;;;;;;;;;;;;;;;;;;;;;;;;;;;;;;;;;;;;;;;;;;;;;;;;;;;;;;;;;;;;81853.61518590678;296686651.34720427
62.0;12;05;0011;00000000;1205001100000000;Parsi-Parlo;259440;259440;1205001100000000.0;12;5;11;0;0;0;CIRCLE;Parsi-Parlo Circle;Total;579;2891;1430;1461;337;161;176;0;0;0;2890;1429;1461;576;382;194;2315;1048;1267;1795;833;962;1549;694;855;1507;661;846;8;2;6;1;1;0;33;30;3;246;139;107;232;129;103;7;6;1;4;2;2;3;2;1;1096;597;499;;;;;;;;;;;;;;;;;;;;;;;;;;;;;;;;;;;;;;;;;;;;;;;;;;;;;;;;;;;;;;;;;;;;;;;;;;;;;;;;;;;;;;;;;;;;;;;;;;;;;;;;;;;;;;;;;;;;;;;;;;;;;;;;;;;;;;;;;;;;;;77250.77202216076;320248073.14628494
63.0;12;06;0011;00000000;1206001100000000;Baririjo;259441;259441;1206001100000000.0;12;6;11;0;0;0;CIRCLE;Baririjo Circle;Total;740;4152;2155;1997;942;468;474;1;1;0;3867;1972;1895;1420;862;558;2732;1293;1439;1546;907;639;1284;855;429;995;625;370;2;1;1;6;5;1;281;224;57;262;52;210;241;45;196;14;6;8;1;1;0;6;0;6;2606;1248;1358;;;;;;;;;;;;;;;;;;;;;;;;;;;;;;;;;;;;;;;;;;;;;;;;;;;;;;;;;;;;;;;;;;;;;;;;;;;;;;;;;;;;;;;;;;;;;;;;;;;;;;;;;;;;;;;;;;;;;;;;;;;;;;;;;;;;;;;;;;;;;;123516.57036845217;571344165.4509599
64.0;12;07;0014;00000000;1207001400000000;Tirbin;259442;259442;1207001400000000.0;12;7;14;0;0;0;CIRCLE;Tirbin Circle;Total;826;5015;2527;2488;912;484;428;0;0;0;4775;2378;2397;2080;1140;940;2935;1387;1548;1926;1065;861;1617;899;718;1311;653;658;11;9;2;18;12;6;277;225;52;309;166;143;284;146;138;12;12;0;0;0;0;13;8;5;3089;1462;1627;;;;;;;;;;;;;;;;;;;;;;;;;;;;;;;;;;;;;;;;;;;;;;;;;;;;;;;;;;;;;;;;;;;;;;;;;;;;;;;;;;;;;;;;;;;;;;;;;;;;;;;;;;;;;;;;;;;;;;;;;;;;;;;;;;;;;;;;;;;;;;56427.14212735381;135022073.4772268
65.0;12;06;0008;00000000;1206000800000000;Daporijo;259443;259443;1206000800000000.0;12;6;8;0;0;0;CIRCLE;Daporijo Circle;Total;3704;19471;10228;9243;3824;1928;1896;96;64;32;15169;7471;7698;10778;6416;4362;8693;3812;4881;6552;4456;2096;6205;4299;1906;1863;795;1068;86;62;24;44;37;7;4212;3405;807;347;157;190;64;12;52;104;45;59;20;7;13;159;93;66;12919;5772;7147;;;;;;;;;;;;;;;;;;;;;;;;;;;;;;;;;;;;;;;;;;;;;;;;;;;;;;;;;;;;;;;;;;;;;;;;;;;;;;;;;;;;;;;;;;;;;;;;;;;;;;;;;;;;;;;;;;;;;;;;;;;;;;;;;;;;;;;;;;;;;;93784.98282669451;356565244.47349423
66.0;12;05;0014;00000000;1205001400000000;Tali;259444;259444;1205001400000000.0;12;5;14;0;0;0;CIRCLE;Tali Circle;Total;659;3591;1818;1773;617;314;303;2;2;0;3530;1773;1757;433;294;139;3158;1524;1634;1974;971;1003;1925;953;972;1607;750;857;5;2;3;203;108;95;110;93;17;49;18;31;43;17;26;3;0;3;0;0;0;3;1;2;1617;847;770;;;;;;;;;;;;;;;;;;;;;;;;;;;;;;;;;;;;;;;;;;;;;;;;;;;;;;;;;;;;;;;;;;;;;;;;;;;;;;;;;;;;;;;;;;;;;;;;;;;;;;;;;;;;;;;;;;;;;;;;;;;;;;;;;;;;;;;;;;;;;;120205.37804129727;602784008.4148706
67.0;12;08;0005;00000000;1208000500000000;Koyu;259445;259445;1208000500000000.0;12;8;5;0;0;0;CIRCLE;Koyu Circle;Total;333;2112;1120;992;365;197;168;0;0;0;1922;986;936;1018;600;418;1094;520;574;1011;573;438;808;496;312;542;275;267;34;32;2;5;5;0;227;184;43;203;77;126;94;35;59;11;5;6;7;4;3;91;33;58;1101;547;554;;;;;;;;;;;;;;;;;;;;;;;;;;;;;;;;;;;;;;;;;;;;;;;;;;;;;;;;;;;;;;;;;;;;;;;;;;;;;;;;;;;;;;;;;;;;;;;;;;;;;;;;;;;;;;;;;;;;;;;;;;;;;;;;;;;;;;;;;;;;;;96318.49160877381;409550977.52841556
68.0;12;07;0015;00000000;1207001500000000;Basar;259446;259446;1207001500000000.0;12;7;15;0;0;0;CIRCLE;Basar Circle;Total;2107;11735;6155;5580;1815;909;906;60;42;18;8750;4337;4413;6706;3927;2779;5029;2228;2801;5100;3125;1975;4010;2701;1309;1853;913;940;27;22;5;41;29;12;2089;1737;352;1090;424;666;633;181;452;12;8;4;47;11;36;398;224;174;6635;3030;3605;;;;;;;;;;;;;;;;;;;;;;;;;;;;;;;;;;;;;;;;;;;;;;;;;;;;;;;;;;;;;;;;;;;;;;;;;;;;;;;;;;;;;;;;;;;;;;;;;;;;;;;;;;;;;;;;;;;;;;;;;;;;;;;;;;;;;;;;;;;;;;101090.40307127059;342223183.0985046
69.0;12;11;0010;00000000;1211001000000000;Wakro;259447;259447;1211001000000000.0;12;11;10;0;0;0;CIRCLE;Wakro Circle;Total;1593;6809;3654;3155;1397;713;684;49;25;24;3199;1563;1636;2514;1702;812;4295;1952;2343;3138;2009;1129;3061;1966;1095;1643;886;757;37;34;3;11;11;0;1370;1035;335;77;43;34;39;15;24;7;6;1;3;2;1;28;20;8;3671;1645;2026;;;;;;;;;;;;;;;;;;;;;;;;;;;;;;;;;;;;;;;;;;;;;;;;;;;;;;;;;;;;;;;;;;;;;;;;;;;;;;;;;;;;;;;;;;;;;;;;;;;;;;;;;;;;;;;;;;;;;;;;;;;;;;;;;;;;;;;;;;;;;;198380.91610351857;1476796302.3063662
70.0;12;07;0016;00000000;1207001600000000;Daring;259448;259448;1207001600000000.0;12;7;16;0;0;0;CIRCLE;Daring Circle;Total;479;2724;1399;1325;432;223;209;8;5;3;2201;1082;1119;1154;660;494;1570;739;831;1173;683;490;1069;641;428;691;338;353;35;24;11;100;84;16;243;195;48;104;42;62;36;17;19;7;1;6;37;12;25;24;12;12;1551;716;835;;;;;;;;;;;;;;;;;;;;;;;;;;;;;;;;;;;;;;;;;;;;;;;;;;;;;;;;;;;;;;;;;;;;;;;;;;;;;;;;;;;;;;;;;;;;;;;;;;;;;;;;;;;;;;;;;;;;;;;;;;;;;;;;;;;;;;;;;;;;;;92784.1622083619;301935633.9582941
71.0;12;08;0010;00000000;1208001000000000;Sille-Oyan;259449;259449;1208001000000000.0;12;8;10;0;0;0;CIRCLE;Sille-Oyan Circle;Total;1564;8661;4485;4176;1820;932;888;46;29;17;5156;2596;2560;3851;2383;1468;4810;2102;2708;3541;2036;1505;2844;1875;969;1516;936;580;224;144;80;71;48;23;1033;747;286;697;161;536;447;79;368;125;37;88;23;8;15;102;37;65;5120;2449;2671;;;;;;;;;;;;;;;;;;;;;;;;;;;;;;;;;;;;;;;;;;;;;;;;;;;;;;;;;;;;;;;;;;;;;;;;;;;;;;;;;;;;;;;;;;;;;;;;;;;;;;;;;;;;;;;;;;;;;;;;;;;;;;;;;;;;;;;;;;;;;;70340.36246054935;189385646.4299
72.0;12;03;0008;00000000;1203000800000000;Khenewa;259450;259450;1203000800000000.0;12;3;8;0;0;0;CIRCLE;Khenewa Circle;Total;691;2729;1366;1363;510;244;266;0;0;0;2686;1338;1348;455;347;108;2274;1019;1255;1448;749;699;1391;735;656;1220;576;644;1;0;1;6;6;0;164;153;11;57;14;43;51;10;41;4;2;2;0;0;0;2;2;0;1281;617;664;;;;;;;;;;;;;;;;;;;;;;;;;;;;;;;;;;;;;;;;;;;;;;;;;;;;;;;;;;;;;;;;;;;;;;;;;;;;;;;;;;;;;;;;;;;;;;;;;;;;;;;;;;;;;;;;;;;;;;;;;;;;;;;;;;;;;;;;;;;;;;222450.96871588315;1439219016.5236714
73.0;12;06;0009;00000000;1206000900000000;Puchi Geko;259451;259451;1206000900000000.0;12;6;9;0;0;0;CIRCLE;Puchi Geko Circle;Total;543;2708;1342;1366;506;252;254;1;1;0;2549;1242;1307;1022;590;432;1686;752;934;1234;628;606;1174;603;571;953;423;530;3;3;0;10;4;6;208;173;35;60;25;35;18;8;10;24;9;15;11;4;7;7;4;3;1474;714;760;;;;;;;;;;;;;;;;;;;;;;;;;;;;;;;;;;;;;;;;;;;;;;;;;;;;;;;;;;;;;;;;;;;;;;;;;;;;;;;;;;;;;;;;;;;;;;;;;;;;;;;;;;;;;;;;;;;;;;;;;;;;;;;;;;;;;;;;;;;;;;87556.87427848032;236522706.46069375
74.0;12;05;0008;00000000;1205000800000000;Koloriang;259452;259452;1205000800000000.0;12;5;8;0;0;0;CIRCLE;Koloriang Circle;Total;995;4798;2405;2393;1058;495;563;0;0;0;4618;2256;2362;1126;728;398;3672;1677;1995;2346;1202;1144;2274;1167;1107;1820;795;1025;4;1;3;7;3;4;443;368;75;72;35;37;55;24;31;2;1;1;0;0;0;15;10;5;2452;1203;1249;;;;;;;;;;;;;;;;;;;;;;;;;;;;;;;;;;;;;;;;;;;;;;;;;;;;;;;;;;;;;;;;;;;;;;;;;;;;;;;;;;;;;;;;;;;;;;;;;;;;;;;;;;;;;;;;;;;;;;;;;;;;;;;;;;;;;;;;;;;;;;92092.86533707919;371494021.153514
75.0;12;05;0015;00000000;1205001500000000;Kamporijo;259453;259453;1205001500000000.0;12;5;15;0;0;0;CIRCLE;Kamporijo Circle;Total;1004;6264;3178;3086;1205;628;577;0;0;0;6111;3090;3021;1767;1102;665;4497;2076;2421;2971;1456;1515;1918;1046;872;1665;860;805;26;17;9;11;5;6;216;164;52;1053;410;643;924;343;581;65;33;32;3;0;3;61;34;27;3293;1722;1571;;;;;;;;;;;;;;;;;;;;;;;;;;;;;;;;;;;;;;;;;;;;;;;;;;;;;;;;;;;;;;;;;;;;;;;;;;;;;;;;;;;;;;;;;;;;;;;;;;;;;;;;;;;;;;;;;;;;;;;;;;;;;;;;;;;;;;;;;;;;;;207033.09408791244;843115237.8044245
76.0;12;08;0009;00000000;1208000900000000;Ruksin;259454;259454;1208000900000000.0;12;8;9;0;0;0;CIRCLE;Ruksin Circle;Total;886;4932;2485;2447;870;448;422;0;0;0;3814;1875;1939;2469;1382;1087;2463;1103;1360;1782;1008;774;1712;983;729;1125;540;585;42;30;12;57;21;36;488;392;96;70;25;45;32;11;21;3;3;0;16;3;13;19;8;11;3150;1477;1673;;;;;;;;;;;;;;;;;;;;;;;;;;;;;;;;;;;;;;;;;;;;;;;;;;;;;;;;;;;;;;;;;;;;;;;;;;;;;;;;;;;;;;;;;;;;;;;;;;;;;;;;;;;;;;;;;;;;;;;;;;;;;;;;;;;;;;;;;;;;;;42125.36959016076;104214989.88555658
77.0;12;08;0006;00000000;1208000600000000;Nari;259455;259455;1208000600000000.0;12;8;6;0;0;0;CIRCLE;Nari Circle;Total;653;3710;1911;1799;729;396;333;5;2;3;2512;1256;1256;1354;788;566;2356;1123;1233;1229;791;438;922;668;254;395;264;131;162;114;48;10;5;5;355;285;70;307;123;184;93;57;36;102;28;74;27;4;23;85;34;51;2481;1120;1361;;;;;;;;;;;;;;;;;;;;;;;;;;;;;;;;;;;;;;;;;;;;;;;;;;;;;;;;;;;;;;;;;;;;;;;;;;;;;;;;;;;;;;;;;;;;;;;;;;;;;;;;;;;;;;;;;;;;;;;;;;;;;;;;;;;;;;;;;;;;;;51313.97687530785;141567514.43903846
78.0;12;11;0011;00000000;1211001100000000;Chowkham;259456;259456;1211001100000000.0;12;11;11;0;0;0;CIRCLE;Chowkham Circle;Total;3845;20086;10766;9320;4065;2077;1988;873;464;409;5516;2878;2638;8566;5524;3042;11520;5242;6278;8736;5566;3170;7824;5209;2615;5197;3188;2009;284;186;98;53;45;8;2290;1790;500;912;357;555;237;64;173;485;185;300;45;6;39;145;102;43;11350;5200;6150;;;;;;;;;;;;;;;;;;;;;;;;;;;;;;;;;;;;;;;;;;;;;;;;;;;;;;;;;;;;;;;;;;;;;;;;;;;;;;;;;;;;;;;;;;;;;;;;;;;;;;;;;;;;;;;;;;;;;;;;;;;;;;;;;;;;;;;;;;;;;;142490.83254812393;818433816.4557106
79.0;12;05;0006;00000000;1205000600000000;Sangram;259457;259457;1205000600000000.0;12;5;6;0;0;0;CIRCLE;Sangram Circle;Total;1067;5697;2737;2960;1110;529;581;25;14;11;5618;2686;2932;1123;728;395;4574;2009;2565;2914;1369;1545;1890;996;894;1383;653;730;39;19;20;2;2;0;466;322;144;1024;373;651;804;260;544;140;67;73;2;1;1;78;45;33;2783;1368;1415;;;;;;;;;;;;;;;;;;;;;;;;;;;;;;;;;;;;;;;;;;;;;;;;;;;;;;;;;;;;;;;;;;;;;;;;;;;;;;;;;;;;;;;;;;;;;;;;;;;;;;;;;;;;;;;;;;;;;;;;;;;;;;;;;;;;;;;;;;;;;;74350.00585294454;223174079.120084
80.0;12;05;0009;00000000;1205000900000000;Chambang;259458;259458;1205000900000000.0;12;5;9;0;0;0;CIRCLE;Chambang Circle;Total;820;4497;2231;2266;873;458;415;0;0;0;4485;2219;2266;921;654;267;3576;1577;1999;2461;1136;1325;1699;917;782;1493;762;731;7;6;1;27;9;18;172;140;32;762;219;543;687;189;498;31;18;13;5;0;5;39;12;27;2036;1095;941;;;;;;;;;;;;;;;;;;;;;;;;;;;;;;;;;;;;;;;;;;;;;;;;;;;;;;;;;;;;;;;;;;;;;;;;;;;;;;;;;;;;;;;;;;;;;;;;;;;;;;;;;;;;;;;;;;;;;;;;;;;;;;;;;;;;;;;;;;;;;;84620.34232283376;341080739.98030186
81.0;12;08;0009;00000000;1208000900000000;Ruksin;259459;259459;1208000900000000.0;12;8;9;0;0;0;CIRCLE;Ruksin Circle;Total;886;4932;2485;2447;870;448;422;0;0;0;3814;1875;1939;2469;1382;1087;2463;1103;1360;1782;1008;774;1712;983;729;1125;540;585;42;30;12;57;21;36;488;392;96;70;25;45;32;11;21;3;3;0;16;3;13;19;8;11;3150;1477;1673;;;;;;;;;;;;;;;;;;;;;;;;;;;;;;;;;;;;;;;;;;;;;;;;;;;;;;;;;;;;;;;;;;;;;;;;;;;;;;;;;;;;;;;;;;;;;;;;;;;;;;;;;;;;;;;;;;;;;;;;;;;;;;;;;;;;;;;;;;;;;;3333.358165041076;449630.6808180082
82.0;12;01;0007;00000000;1201000700000000;Thingbu;259460;259460;1201000700000000.0;12;1;7;0;0;0;CIRCLE;Thingbu Circle;Total;394;1847;912;935;307;174;133;0;0;0;1800;882;918;466;300;166;1381;612;769;1004;482;522;927;453;474;392;138;254;8;3;5;20;11;9;507;301;206;77;29;48;35;6;29;4;2;2;10;4;6;28;17;11;843;430;413;;;;;;;;;;;;;;;;;;;;;;;;;;;;;;;;;;;;;;;;;;;;;;;;;;;;;;;;;;;;;;;;;;;;;;;;;;;;;;;;;;;;;;;;;;;;;;;;;;;;;;;;;;;;;;;;;;;;;;;;;;;;;;;;;;;;;;;;;;;;;;183246.03095654454;1264361173.8771057
83.0;12;07;0017;00000000;1207001700000000;Gensi;259461;259461;1207001700000000.0;12;7;17;0;0;0;CIRCLE;Gensi Circle;Total;693;3944;2040;1904;799;403;396;6;2;4;3494;1779;1715;1745;1012;733;2199;1028;1171;1735;963;772;1391;849;542;1023;558;465;27;20;7;20;14;6;321;257;64;344;114;230;292;95;197;33;14;19;5;1;4;14;4;10;2209;1077;1132;;;;;;;;;;;;;;;;;;;;;;;;;;;;;;;;;;;;;;;;;;;;;;;;;;;;;;;;;;;;;;;;;;;;;;;;;;;;;;;;;;;;;;;;;;;;;;;;;;;;;;;;;;;;;;;;;;;;;;;;;;;;;;;;;;;;;;;;;;;;;;119452.8988115834;449928861.6947086
84.0;12;05;0005;00000000;1205000500000000;Yangte;259462;259462;1205000500000000.0;12;5;5;0;0;0;CIRCLE;Yangte Circle;Total;335;1732;826;906;357;179;178;0;0;0;1727;821;906;285;186;99;1447;640;807;859;382;477;825;362;463;810;352;458;0;0;0;1;0;1;14;10;4;34;20;14;34;20;14;0;0;0;0;0;0;0;0;0;873;444;429;;;;;;;;;;;;;;;;;;;;;;;;;;;;;;;;;;;;;;;;;;;;;;;;;;;;;;;;;;;;;;;;;;;;;;;;;;;;;;;;;;;;;;;;;;;;;;;;;;;;;;;;;;;;;;;;;;;;;;;;;;;;;;;;;;;;;;;;;;;;;;60732.10483407004;110602057.84683655
85.0;12;01;0001;00000000;1201000100000000;Zemithang;259463;259463;1201000100000000.0;12;1;1;0;0;0;CIRCLE;Zemithang Circle;Total;647;2805;1466;1339;634;347;287;0;0;0;2385;1189;1196;523;353;170;2282;1113;1169;1593;868;725;1284;760;524;634;318;316;7;7;0;16;14;2;627;421;206;309;108;201;217;69;148;2;1;1;8;5;3;82;33;49;1212;598;614;;;;;;;;;;;;;;;;;;;;;;;;;;;;;;;;;;;;;;;;;;;;;;;;;;;;;;;;;;;;;;;;;;;;;;;;;;;;;;;;;;;;;;;;;;;;;;;;;;;;;;;;;;;;;;;;;;;;;;;;;;;;;;;;;;;;;;;;;;;;;;129503.63525826443;651339736.3630602
86.0;12;05;0017;00000000;1205001700000000;Raga;259464;259464;1205001700000000.0;12;5;17;0;0;0;CIRCLE;Raga Circle;Total;659;3554;1843;1711;733;377;356;0;0;0;3262;1641;1621;1588;969;619;1966;874;1092;1441;788;653;1027;647;380;609;302;307;19;8;11;4;4;0;395;333;62;414;141;273;354;118;236;21;4;17;3;1;2;36;18;18;2113;1055;1058;;;;;;;;;;;;;;;;;;;;;;;;;;;;;;;;;;;;;;;;;;;;;;;;;;;;;;;;;;;;;;;;;;;;;;;;;;;;;;;;;;;;;;;;;;;;;;;;;;;;;;;;;;;;;;;;;;;;;;;;;;;;;;;;;;;;;;;;;;;;;;81763.92002295014;183851275.5759509
87.0;12;08;0007;00000000;1208000700000000;New Seren;259465;259465;1208000700000000.0;12;8;7;0;0;0;CIRCLE;New Seren Circle;Total;452;2548;1296;1252;357;184;173;17;8;9;1738;867;871;1270;747;523;1278;549;729;983;581;402;748;488;260;523;302;221;29;24;5;8;7;1;188;155;33;235;93;142;144;68;76;25;6;19;2;1;1;64;18;46;1565;715;850;;;;;;;;;;;;;;;;;;;;;;;;;;;;;;;;;;;;;;;;;;;;;;;;;;;;;;;;;;;;;;;;;;;;;;;;;;;;;;;;;;;;;;;;;;;;;;;;;;;;;;;;;;;;;;;;;;;;;;;;;;;;;;;;;;;;;;;;;;;;;;58572.149681274605;108471765.85824291
88.0;12;03;0009;00000000;1203000900000000;Chayangtajo;259466;259466;1203000900000000.0;12;3;9;0;0;0;CIRCLE;Chayangtajo Circle;Total;958;4184;1983;2201;944;453;491;0;0;0;4102;1929;2173;1024;623;401;3160;1360;1800;1693;873;820;1462;791;671;1112;525;587;36;17;19;19;8;11;295;241;54;231;82;149;196;56;140;4;0;4;2;1;1;29;25;4;2491;1110;1381;;;;;;;;;;;;;;;;;;;;;;;;;;;;;;;;;;;;;;;;;;;;;;;;;;;;;;;;;;;;;;;;;;;;;;;;;;;;;;;;;;;;;;;;;;;;;;;;;;;;;;;;;;;;;;;;;;;;;;;;;;;;;;;;;;;;;;;;;;;;;;77111.09059580686;223627495.11939287
89.0;12;03;0010;00000000;1203001000000000;Sawa;259467;259467;1203001000000000.0;12;3;10;0;0;0;CIRCLE;Sawa Circle;Total;572;2486;1234;1252;481;251;230;0;0;0;2475;1226;1249;366;242;124;2120;992;1128;1522;723;799;1257;674;583;1167;602;565;11;9;2;3;1;2;76;62;14;265;49;216;251;43;208;3;1;2;0;0;0;11;5;6;964;511;453;;;;;;;;;;;;;;;;;;;;;;;;;;;;;;;;;;;;;;;;;;;;;;;;;;;;;;;;;;;;;;;;;;;;;;;;;;;;;;;;;;;;;;;;;;;;;;;;;;;;;;;;;;;;;;;;;;;;;;;;;;;;;;;;;;;;;;;;;;;;;;88023.20497650195;247716630.53616366
90.0;12;05;0007;00000000;1205000700000000;Nyapin;259468;259468;1205000700000000.0;12;5;7;0;0;0;CIRCLE;Nyapin Circle;Total;1311;6533;3202;3331;1337;633;704;0;0;0;6443;3142;3301;1472;957;515;5061;2245;2816;3311;1576;1735;2797;1296;1501;2390;977;1413;32;13;19;63;37;26;312;269;43;514;280;234;379;203;176;28;16;12;92;48;44;15;13;2;3222;1626;1596;;;;;;;;;;;;;;;;;;;;;;;;;;;;;;;;;;;;;;;;;;;;;;;;;;;;;;;;;;;;;;;;;;;;;;;;;;;;;;;;;;;;;;;;;;;;;;;;;;;;;;;;;;;;;;;;;;;;;;;;;;;;;;;;;;;;;;;;;;;;;;116614.22228816594;611626311.348322
91.0;12;07;0018;00000000;1207001800000000;Likabali;259469;259469;1207001800000000.0;12;7;18;0;0;0;CIRCLE;Likabali Circle;Total;1082;6272;3252;3020;1094;558;536;11;9;2;4172;2102;2070;3718;2124;1594;2554;1128;1426;2185;1359;826;1762;1292;470;728;452;276;65;48;17;40;25;15;929;767;162;423;67;356;227;11;216;15;5;10;10;2;8;171;49;122;4087;1893;2194;;;;;;;;;;;;;;;;;;;;;;;;;;;;;;;;;;;;;;;;;;;;;;;;;;;;;;;;;;;;;;;;;;;;;;;;;;;;;;;;;;;;;;;;;;;;;;;;;;;;;;;;;;;;;;;;;;;;;;;;;;;;;;;;;;;;;;;;;;;;;;97729.36343273264;318709880.8943213
92.0;12;11;0012;00000000;1211001200000000;Namsai;259470;259470;1211001200000000.0;12;11;12;0;0;0;CIRCLE;Namsai Circle;Total;5480;28570;15450;13120;5874;3057;2817;563;309;254;9421;4888;4533;13147;8167;4980;15423;7283;8140;11031;7527;3504;9049;6878;2171;4105;2873;1232;553;417;136;102;73;29;4289;3515;774;1982;649;1333;1219;259;960;275;88;187;47;11;36;441;291;150;17539;7923;9616;;;;;;;;;;;;;;;;;;;;;;;;;;;;;;;;;;;;;;;;;;;;;;;;;;;;;;;;;;;;;;;;;;;;;;;;;;;;;;;;;;;;;;;;;;;;;;;;;;;;;;;;;;;;;;;;;;;;;;;;;;;;;;;;;;;;;;;;;;;;;;70702.04219292244;198147222.20236605
93.0;12;05;0002;00000000;1205000200000000;Yachuli;259471;259471;1205000200000000.0;12;5;2;0;0;0;CIRCLE;Yachuli Circle;Total;2833;14116;7391;6725;2712;1381;1331;61;37;24;10889;5415;5474;7367;4432;2935;6749;2959;3790;5924;3506;2418;5209;3210;1999;3020;1379;1641;73;47;26;54;33;21;2062;1751;311;715;296;419;306;123;183;104;30;74;2;0;2;303;143;160;8192;3885;4307;;;;;;;;;;;;;;;;;;;;;;;;;;;;;;;;;;;;;;;;;;;;;;;;;;;;;;;;;;;;;;;;;;;;;;;;;;;;;;;;;;;;;;;;;;;;;;;;;;;;;;;;;;;;;;;;;;;;;;;;;;;;;;;;;;;;;;;;;;;;;;198373.74348286277;865237517.8305535
94.0;12;05;0004;00000000;1205000400000000;Palin;259472;259472;1205000400000000.0;12;5;4;0;0;0;CIRCLE;Palin Circle;Total;1129;5816;2931;2885;1131;552;579;1;1;0;5533;2748;2785;1865;1187;678;3951;1744;2207;2853;1397;1456;2617;1298;1319;2082;884;1198;5;1;4;106;57;49;424;356;68;236;99;137;157;65;92;39;22;17;30;4;26;10;8;2;2963;1534;1429;;;;;;;;;;;;;;;;;;;;;;;;;;;;;;;;;;;;;;;;;;;;;;;;;;;;;;;;;;;;;;;;;;;;;;;;;;;;;;;;;;;;;;;;;;;;;;;;;;;;;;;;;;;;;;;;;;;;;;;;;;;;;;;;;;;;;;;;;;;;;;102649.16825289444;301640517.6836701
95.0;12;02;0002;00000000;1202000200000000;Nafra;259473;259473;1202000200000000.0;12;2;2;0;0;0;CIRCLE;Nafra Circle;Total;1133;5818;3012;2806;1322;673;649;15;8;7;4648;2376;2272;1857;1151;706;3961;1861;2100;2463;1356;1107;2023;1217;806;1560;832;728;11;6;5;30;16;14;422;363;59;440;139;301;343;104;239;51;15;36;16;8;8;30;12;18;3355;1656;1699;;;;;;;;;;;;;;;;;;;;;;;;;;;;;;;;;;;;;;;;;;;;;;;;;;;;;;;;;;;;;;;;;;;;;;;;;;;;;;;;;;;;;;;;;;;;;;;;;;;;;;;;;;;;;;;;;;;;;;;;;;;;;;;;;;;;;;;;;;;;;;195102.8342255166;1018706522.4553624
96.0;12;03;0005;00000000;1203000500000000;Lada;259474;259474;1203000500000000.0;12;3;5;0;0;0;CIRCLE;Lada Circle;Total;385;1931;1011;920;367;197;170;0;0;0;1921;1001;920;282;192;90;1649;819;830;1088;553;535;891;515;376;838;471;367;8;4;4;0;0;0;45;40;5;197;38;159;193;38;155;3;0;3;0;0;0;1;0;1;843;458;385;;;;;;;;;;;;;;;;;;;;;;;;;;;;;;;;;;;;;;;;;;;;;;;;;;;;;;;;;;;;;;;;;;;;;;;;;;;;;;;;;;;;;;;;;;;;;;;;;;;;;;;;;;;;;;;;;;;;;;;;;;;;;;;;;;;;;;;;;;;;;;126314.87326096668;611461159.6405891
97.0;12;01;0005;00000000;1201000500000000;Jang;259475;259475;1201000500000000.0;12;1;5;0;0;0;CIRCLE;Jang Circle;Total;1247;5423;3030;2393;836;419;417;32;29;3;3524;1721;1803;2325;1628;697;3098;1402;1696;3077;1942;1135;2700;1723;977;745;248;497;4;2;2;13;9;4;1938;1464;474;377;219;158;73;25;48;20;8;12;8;3;5;276;183;93;2346;1088;1258;;;;;;;;;;;;;;;;;;;;;;;;;;;;;;;;;;;;;;;;;;;;;;;;;;;;;;;;;;;;;;;;;;;;;;;;;;;;;;;;;;;;;;;;;;;;;;;;;;;;;;;;;;;;;;;;;;;;;;;;;;;;;;;;;;;;;;;;;;;;;;107395.08561923793;239452327.20255205
98.0;12;11;0014;00000000;1211001400000000;Lekang;259476;259476;1211001400000000.0;12;11;14;0;0;0;CIRCLE;Lekang Circle;Total;3948;24447;12753;11694;5082;2665;2417;41;17;24;8989;4571;4418;11406;7006;4400;13041;5747;7294;10123;6099;4024;6462;5243;1219;5188;4171;1017;200;157;43;27;21;6;1047;894;153;3661;856;2805;3176;557;2619;278;176;102;23;5;18;184;118;66;14324;6654;7670;;;;;;;;;;;;;;;;;;;;;;;;;;;;;;;;;;;;;;;;;;;;;;;;;;;;;;;;;;;;;;;;;;;;;;;;;;;;;;;;;;;;;;;;;;;;;;;;;;;;;;;;;;;;;;;;;;;;;;;;;;;;;;;;;;;;;;;;;;;;;;72083.13230752591;133819445.35914628
99.0;12;07;0019;00000000;1207001900000000;Kangku;259477;259477;1207001900000000.0;12;7;19;0;0;0;CIRCLE;Kangku Circle;Total;460;3010;1562;1448;670;347;323;0;0;0;2652;1354;1298;1449;857;592;1561;705;856;1152;604;548;976;574;402;886;492;394;3;3;0;11;7;4;76;72;4;176;30;146;153;24;129;19;3;16;2;2;0;2;1;1;1858;958;900;;;;;;;;;;;;;;;;;;;;;;;;;;;;;;;;;;;;;;;;;;;;;;;;;;;;;;;;;;;;;;;;;;;;;;;;;;;;;;;;;;;;;;;;;;;;;;;;;;;;;;;;;;;;;;;;;;;;;;;;;;;;;;;;;;;;;;;;;;;;;;105211.94092433993;418755450.72647166
100.0;12;11;0013;00000000;1211001300000000;Piyong;259478;259478;1211001300000000.0;12;11;13;0;0;0;CIRCLE;Piyong Circle;Total;1703;9055;4785;4270;2291;1181;1110;24;12;12;3936;2033;1903;2708;1755;953;6347;3030;3317;4137;2456;1681;3228;2173;1055;2043;1363;680;593;381;212;31;25;6;561;404;157;909;283;626;387;116;271;447;131;316;14;3;11;61;33;28;4918;2329;2589;;;;;;;;;;;;;;;;;;;;;;;;;;;;;;;;;;;;;;;;;;;;;;;;;;;;;;;;;;;;;;;;;;;;;;;;;;;;;;;;;;;;;;;;;;;;;;;;;;;;;;;;;;;;;;;;;;;;;;;;;;;;;;;;;;;;;;;;;;;;;;72429.45374476953;206063841.40655413
101.0;12;12;0008;00000000;1212000800000000;Miao;259479;259479;1212000800000000.0;12;12;8;0;0;0;CIRCLE;Miao Circle;Total;4021;20266;10452;9814;4057;2077;1980;41;23;18;5780;2881;2899;8567;5296;3271;11699;5156;6543;9420;5318;4102;7991;4839;3152;5856;3115;2741;282;189;93;51;42;9;1802;1493;309;1429;479;950;789;231;558;413;143;270;44;20;24;183;85;98;10846;5134;5712;;;;;;;;;;;;;;;;;;;;;;;;;;;;;;;;;;;;;;;;;;;;;;;;;;;;;;;;;;;;;;;;;;;;;;;;;;;;;;;;;;;;;;;;;;;;;;;;;;;;;;;;;;;;;;;;;;;;;;;;;;;;;;;;;;;;;;;;;;;;;;270550.4329973106;1991470022.9751558
102.0;12;02;0001;00000000;1202000100000000;Dirang;259480;259480;1202000100000000.0;12;2;1;0;0;0;CIRCLE;Dirang Circle;Total;3876;18434;10230;8204;3081;1550;1531;48;26;22;12997;6596;6401;7042;4879;2163;11392;5351;6041;9343;5984;3359;6247;4580;1667;2758;1586;1172;357;244;113;117;71;46;3015;2679;336;3096;1404;1692;1955;894;1061;415;145;270;168;14;154;558;351;207;9091;4246;4845;;;;;;;;;;;;;;;;;;;;;;;;;;;;;;;;;;;;;;;;;;;;;;;;;;;;;;;;;;;;;;;;;;;;;;;;;;;;;;;;;;;;;;;;;;;;;;;;;;;;;;;;;;;;;;;;;;;;;;;;;;;;;;;;;;;;;;;;;;;;;;202574.04032184355;1399815172.4355443
103.0;12;05;0003;00000000;1205000300000000;Pistana;259481;259481;1205000300000000.0;12;5;3;0;0;0;CIRCLE;Pistana Circle;Total;968;6009;2972;3037;1101;555;546;4;3;1;5807;2840;2967;2108;1268;840;3901;1704;2197;2627;1287;1340;1722;996;726;1394;738;656;5;2;3;34;17;17;289;239;50;905;291;614;734;212;522;100;40;60;13;5;8;58;34;24;3382;1685;1697;;;;;;;;;;;;;;;;;;;;;;;;;;;;;;;;;;;;;;;;;;;;;;;;;;;;;;;;;;;;;;;;;;;;;;;;;;;;;;;;;;;;;;;;;;;;;;;;;;;;;;;;;;;;;;;;;;;;;;;;;;;;;;;;;;;;;;;;;;;;;;116462.76579225113;310089107.47264767
104.0;12;12;0010;00000000;1212001000000000;Diyun;259482;259482;1212001000000000.0;12;12;10;0;0;0;CIRCLE;Diyun Circle;Total;5078;28907;15050;13857;6293;3235;3058;18;9;9;2751;1412;1339;9069;6240;2829;19838;8810;11028;15373;8503;6870;11229;7393;3836;9651;6055;3596;323;243;80;130;85;45;1125;1010;115;4144;1110;3034;3585;940;2645;404;113;291;43;5;38;112;52;60;13534;6547;6987;;;;;;;;;;;;;;;;;;;;;;;;;;;;;;;;;;;;;;;;;;;;;;;;;;;;;;;;;;;;;;;;;;;;;;;;;;;;;;;;;;;;;;;;;;;;;;;;;;;;;;;;;;;;;;;;;;;;;;;;;;;;;;;;;;;;;;;;;;;;;;80535.77500843455;280435881.06588614
105.0;12;01;0004;00000000;1201000400000000;Tawang;259483;259483;1201000400000000.0;12;1;4;0;0;0;CIRCLE;Tawang Circle;Total;3418;17742;11028;6714;2382;1230;1152;96;77;19;10915;5369;5546;9630;7347;2283;8112;3681;4431;10093;7558;2535;8205;6668;1537;1700;828;872;36;20;16;19;15;4;6450;5805;645;1888;890;998;1166;439;727;129;55;74;19;10;9;574;386;188;7649;3470;4179;;;;;;;;;;;;;;;;;;;;;;;;;;;;;;;;;;;;;;;;;;;;;;;;;;;;;;;;;;;;;;;;;;;;;;;;;;;;;;;;;;;;;;;;;;;;;;;;;;;;;;;;;;;;;;;;;;;;;;;;;;;;;;;;;;;;;;;;;;;;;;44622.21435891265;121410291.53312916
106.0;12;05;0016;00000000;1205001600000000;Dollungmukh;259484;259484;1205001600000000.0;12;5;16;0;0;0;CIRCLE;Dollungmukh Circle;Total;194;1080;563;517;311;170;141;0;0;0;957;494;463;375;227;148;705;336;369;370;215;155;264;161;103;165;91;74;3;2;1;3;2;1;93;66;27;106;54;52;77;40;37;9;6;3;6;1;5;14;7;7;710;348;362;;;;;;;;;;;;;;;;;;;;;;;;;;;;;;;;;;;;;;;;;;;;;;;;;;;;;;;;;;;;;;;;;;;;;;;;;;;;;;;;;;;;;;;;;;;;;;;;;;;;;;;;;;;;;;;;;;;;;;;;;;;;;;;;;;;;;;;;;;;;;;100968.04134685664;339682730.9976759
107.0;12;04;0008;00000000;1204000800000000;Mengio;259485;259485;1204000800000000.0;12;4;8;0;0;0;CIRCLE;Mengio Circle;Total;651;3845;1878;1967;764;374;390;0;0;0;3842;1875;1967;587;405;182;3258;1473;1785;2256;1076;1180;1881;877;1004;1745;766;979;0;0;0;1;1;0;135;110;25;375;199;176;367;195;172;5;2;3;0;0;0;3;2;1;1589;802;787;;;;;;;;;;;;;;;;;;;;;;;;;;;;;;;;;;;;;;;;;;;;;;;;;;;;;;;;;;;;;;;;;;;;;;;;;;;;;;;;;;;;;;;;;;;;;;;;;;;;;;;;;;;;;;;;;;;;;;;;;;;;;;;;;;;;;;;;;;;;;;117494.24442223762;597187058.2991788
108.0;12;05;0001;00000000;1205000100000000;Ziro;259486;259486;1205000100000000.0;12;5;1;0;0;0;CIRCLE;Ziro Circle;Total;5606;24703;12478;12225;4255;2121;2134;104;69;35;19867;9542;10325;13764;7731;6033;10939;4747;6192;9342;5493;3849;8395;5173;3222;3122;1212;1910;382;150;232;114;70;44;4777;3741;1036;947;320;627;525;149;376;222;73;149;12;3;9;188;95;93;15361;6985;8376;;;;;;;;;;;;;;;;;;;;;;;;;;;;;;;;;;;;;;;;;;;;;;;;;;;;;;;;;;;;;;;;;;;;;;;;;;;;;;;;;;;;;;;;;;;;;;;;;;;;;;;;;;;;;;;;;;;;;;;;;;;;;;;;;;;;;;;;;;;;;;76911.62920940686;298226707.0650079
109.0;12;03;0007;00000000;1203000700000000;Pipu;259487;259487;1203000700000000.0;12;3;7;0;0;0;CIRCLE;Pipu Circle;Total;853;3815;1876;1939;743;385;358;0;0;0;3755;1846;1909;566;432;134;3249;1444;1805;2123;968;1155;2032;941;1091;1943;862;1081;5;1;4;2;2;0;82;76;6;91;27;64;74;20;54;16;7;9;0;0;0;1;0;1;1692;908;784;;;;;;;;;;;;;;;;;;;;;;;;;;;;;;;;;;;;;;;;;;;;;;;;;;;;;;;;;;;;;;;;;;;;;;;;;;;;;;;;;;;;;;;;;;;;;;;;;;;;;;;;;;;;;;;;;;;;;;;;;;;;;;;;;;;;;;;;;;;;;;99836.23149373903;466488377.98318493
110.0;12;03;0006;00000000;1203000600000000;Bameng;259488;259488;1203000600000000.0;12;3;6;0;0;0;CIRCLE;Bameng Circle;Total;1070;4584;2302;2282;874;455;419;0;0;0;4501;2238;2263;933;634;299;3651;1668;1983;2514;1271;1243;2477;1265;1212;2109;958;1151;6;3;3;46;29;17;316;275;41;37;6;31;26;4;22;0;0;0;8;0;8;3;2;1;2070;1031;1039;;;;;;;;;;;;;;;;;;;;;;;;;;;;;;;;;;;;;;;;;;;;;;;;;;;;;;;;;;;;;;;;;;;;;;;;;;;;;;;;;;;;;;;;;;;;;;;;;;;;;;;;;;;;;;;;;;;;;;;;;;;;;;;;;;;;;;;;;;;;;;80262.61339553287;328229376.9388847
111.0;12;01;0002;00000000;1201000200000000;Lumla;259489;259489;1201000200000000.0;12;1;2;0;0;0;CIRCLE;Lumla Circle;Total;1270;5380;2656;2724;1199;613;586;0;0;0;4890;2363;2527;1353;834;519;4027;1822;2205;2590;1408;1182;2092;1214;878;1458;724;734;58;28;30;4;2;2;572;460;112;498;194;304;377;132;245;81;37;44;1;0;1;39;25;14;2790;1248;1542;;;;;;;;;;;;;;;;;;;;;;;;;;;;;;;;;;;;;;;;;;;;;;;;;;;;;;;;;;;;;;;;;;;;;;;;;;;;;;;;;;;;;;;;;;;;;;;;;;;;;;;;;;;;;;;;;;;;;;;;;;;;;;;;;;;;;;;;;;;;;;42995.75268027807;84841865.22307202
112.0;12;12;0011;00000000;1212001100000000;Bordumsa;259490;259490;1212001100000000.0;12;12;11;0;0;0;CIRCLE;Bordumsa Circle;Total;4584;25369;13231;12138;5619;2855;2764;145;72;73;5390;2749;2641;8437;5474;2963;16932;7757;9175;12290;6891;5399;11087;6439;4648;7639;4180;3459;1069;665;404;66;43;23;2313;1551;762;1203;452;751;666;250;416;257;83;174;86;39;47;194;80;114;13079;6340;6739;;;;;;;;;;;;;;;;;;;;;;;;;;;;;;;;;;;;;;;;;;;;;;;;;;;;;;;;;;;;;;;;;;;;;;;;;;;;;;;;;;;;;;;;;;;;;;;;;;;;;;;;;;;;;;;;;;;;;;;;;;;;;;;;;;;;;;;;;;;;;;98417.36766432817;244865125.18995684
113.0;12;01;0003;00000000;1201000300000000;Dudunghar;259491;259491;1201000300000000.0;12;1;3;0;0;0;CIRCLE;Dudunghar Circle;Total;519;2281;1092;1189;524;243;281;0;0;0;2264;1080;1184;304;224;80;1977;868;1109;1418;684;734;1144;548;596;1100;509;591;5;4;1;4;4;0;35;31;4;274;136;138;128;68;60;135;61;74;0;0;0;11;7;4;863;408;455;;;;;;;;;;;;;;;;;;;;;;;;;;;;;;;;;;;;;;;;;;;;;;;;;;;;;;;;;;;;;;;;;;;;;;;;;;;;;;;;;;;;;;;;;;;;;;;;;;;;;;;;;;;;;;;;;;;;;;;;;;;;;;;;;;;;;;;;;;;;;;27013.617572905598;39214779.489099495
114.0;12;01;0006;00000000;1201000600000000;Mukto;259492;259492;1201000600000000.0;12;1;6;0;0;0;CIRCLE;Mukto Circle;Total;799;3446;1662;1784;633;318;315;0;0;0;3413;1637;1776;736;474;262;2710;1188;1522;1952;931;1021;1782;862;920;1422;565;857;27;14;13;11;9;2;322;274;48;170;69;101;153;58;95;5;2;3;2;0;2;10;9;1;1494;731;763;;;;;;;;;;;;;;;;;;;;;;;;;;;;;;;;;;;;;;;;;;;;;;;;;;;;;;;;;;;;;;;;;;;;;;;;;;;;;;;;;;;;;;;;;;;;;;;;;;;;;;;;;;;;;;;;;;;;;;;;;;;;;;;;;;;;;;;;;;;;;;81063.4354091379;186128456.2490013
115.0;12;04;0009;00000000;1204000900000000;Kimin;259493;259493;1204000900000000.0;12;4;9;0;0;0;CIRCLE;Kimin Circle;Total;1130;6268;3627;2641;1127;601;526;35;21;14;4090;2192;1898;3382;2301;1081;2886;1326;1560;1626;1308;318;1464;1227;237;220;112;108;20;15;5;8;3;5;1216;1097;119;162;81;81;65;24;41;49;31;18;9;6;3;39;20;19;4642;2319;2323;;;;;;;;;;;;;;;;;;;;;;;;;;;;;;;;;;;;;;;;;;;;;;;;;;;;;;;;;;;;;;;;;;;;;;;;;;;;;;;;;;;;;;;;;;;;;;;;;;;;;;;;;;;;;;;;;;;;;;;;;;;;;;;;;;;;;;;;;;;;;;132781.34817644395;588044176.4425304
116.0;12;12;0009;00000000;1212000900000000;Kharsang;259494;259494;1212000900000000.0;12;12;9;0;0;0;CIRCLE;Kharsang Circle;Total;1843;9509;4987;4522;1754;893;861;71;39;32;6700;3400;3300;4665;2895;1770;4844;2092;2752;4097;2439;1658;3699;2313;1386;2452;1281;1171;179;113;66;61;36;25;1007;883;124;398;126;272;256;87;169;39;20;19;75;7;68;28;12;16;5412;2548;2864;;;;;;;;;;;;;;;;;;;;;;;;;;;;;;;;;;;;;;;;;;;;;;;;;;;;;;;;;;;;;;;;;;;;;;;;;;;;;;;;;;;;;;;;;;;;;;;;;;;;;;;;;;;;;;;;;;;;;;;;;;;;;;;;;;;;;;;;;;;;;;51360.99085492382;100319072.54059596
117.0;12;12;0005;00000000;1212000500000000;Nampong;259495;259495;1212000500000000.0;12;12;5;0;0;0;CIRCLE;Nampong Circle;Total;940;4424;2417;2007;800;421;379;19;10;9;2876;1465;1411;2180;1363;817;2244;1054;1190;2026;1311;715;1755;1238;517;1006;611;395;22;19;3;12;11;1;715;597;118;271;73;198;242;50;192;2;0;2;4;3;1;23;20;3;2398;1106;1292;;;;;;;;;;;;;;;;;;;;;;;;;;;;;;;;;;;;;;;;;;;;;;;;;;;;;;;;;;;;;;;;;;;;;;;;;;;;;;;;;;;;;;;;;;;;;;;;;;;;;;;;;;;;;;;;;;;;;;;;;;;;;;;;;;;;;;;;;;;;;;196735.97269538863;961495298.4178965
118.0;12;12;0007;00000000;1212000700000000;Vijoynagar;259496;259496;1212000700000000.0;12;12;7;0;0;0;CIRCLE;Vijoynagar Circle;Total;691;3988;2017;1971;922;477;445;4;3;1;2080;1036;1044;1904;1126;778;2084;891;1193;2093;1024;1069;1251;763;488;1066;591;475;6;2;4;1;1;0;178;169;9;842;261;581;830;253;577;7;4;3;0;0;0;5;4;1;1895;993;902;;;;;;;;;;;;;;;;;;;;;;;;;;;;;;;;;;;;;;;;;;;;;;;;;;;;;;;;;;;;;;;;;;;;;;;;;;;;;;;;;;;;;;;;;;;;;;;;;;;;;;;;;;;;;;;;;;;;;;;;;;;;;;;;;;;;;;;;;;;;;;141829.90234437608;730389326.1815467
119.0;12;03;0004;00000000;1203000400000000;Seppa;259497;259497;1203000400000000.0;12;3;4;0;0;0;CIRCLE;Seppa Circle;Total;5039;24307;12310;11997;5324;2533;2791;96;59;37;19651;9526;10125;10062;6595;3467;14245;5715;8530;9858;5735;4123;8937;5373;3564;5017;2107;2910;130;72;58;31;25;6;3759;3169;590;921;362;559;388;135;253;155;60;95;23;6;17;355;161;194;14449;6575;7874;;;;;;;;;;;;;;;;;;;;;;;;;;;;;;;;;;;;;;;;;;;;;;;;;;;;;;;;;;;;;;;;;;;;;;;;;;;;;;;;;;;;;;;;;;;;;;;;;;;;;;;;;;;;;;;;;;;;;;;;;;;;;;;;;;;;;;;;;;;;;;193936.39264664988;858794061.5595052
120.0;12;12;0006;00000000;1212000600000000;Jairampur;259498;259498;1212000600000000.0;12;12;6;0;0;0;CIRCLE;Jairampur Circle;Total;1771;7836;4347;3489;1362;697;665;12;5;7;2307;1180;1127;4981;3068;1913;2855;1279;1576;3130;2342;788;2861;2193;668;730;393;337;44;28;16;6;5;1;2081;1767;314;269;149;120;108;44;64;24;14;10;5;3;2;132;88;44;4706;2005;2701;;;;;;;;;;;;;;;;;;;;;;;;;;;;;;;;;;;;;;;;;;;;;;;;;;;;;;;;;;;;;;;;;;;;;;;;;;;;;;;;;;;;;;;;;;;;;;;;;;;;;;;;;;;;;;;;;;;;;;;;;;;;;;;;;;;;;;;;;;;;;;74780.31284860228;170789869.11570695
121.0;12;04;0006;00000000;1204000600000000;Sagalee;259499;259499;1204000600000000.0;12;4;6;0;0;0;CIRCLE;Sagalee Circle;Total;1142;6551;3303;3248;1263;645;618;7;4;3;5759;2798;2961;2872;1721;1151;3679;1582;2097;2669;1401;1268;2200;1202;998;1503;656;847;39;18;21;52;23;29;606;505;101;469;199;270;65;16;49;73;10;63;10;0;10;321;173;148;3882;1902;1980;;;;;;;;;;;;;;;;;;;;;;;;;;;;;;;;;;;;;;;;;;;;;;;;;;;;;;;;;;;;;;;;;;;;;;;;;;;;;;;;;;;;;;;;;;;;;;;;;;;;;;;;;;;;;;;;;;;;;;;;;;;;;;;;;;;;;;;;;;;;;;122728.02199428956;597821908.7824191
122.0;12;03;0003;00000000;1203000300000000;Richukrong;259500;259500;1203000300000000.0;12;3;3;0;0;0;CIRCLE;Richukrong Circle;Total;454;2327;1189;1138;503;248;255;1;1;0;2153;1080;1073;649;432;217;1678;757;921;1126;588;538;1105;576;529;950;455;495;29;20;9;0;0;0;126;101;25;21;12;9;16;10;6;0;0;0;0;0;0;5;2;3;1201;601;600;;;;;;;;;;;;;;;;;;;;;;;;;;;;;;;;;;;;;;;;;;;;;;;;;;;;;;;;;;;;;;;;;;;;;;;;;;;;;;;;;;;;;;;;;;;;;;;;;;;;;;;;;;;;;;;;;;;;;;;;;;;;;;;;;;;;;;;;;;;;;;79795.20989347673;222674408.3745141
123.0;12;02;0008;00000000;1202000800000000;Thrizino;259501;259501;1202000800000000.0;12;2;8;0;0;0;CIRCLE;Thrizino Circle;Total;622;3202;1611;1591;768;383;385;4;3;1;2577;1240;1337;1237;733;504;1965;878;1087;1340;782;558;1160;714;446;737;372;365;5;4;1;8;8;0;410;330;80;180;68;112;152;49;103;4;2;2;1;0;1;23;17;6;1862;829;1033;;;;;;;;;;;;;;;;;;;;;;;;;;;;;;;;;;;;;;;;;;;;;;;;;;;;;;;;;;;;;;;;;;;;;;;;;;;;;;;;;;;;;;;;;;;;;;;;;;;;;;;;;;;;;;;;;;;;;;;;;;;;;;;;;;;;;;;;;;;;;;91166.27150673467;308514270.58165246
124.0;12;03;0002;00000000;1203000200000000;Pakke Kessang;259502;259502;1203000200000000.0;12;3;2;0;0;0;CIRCLE;Pakke Kessang Circle;Total;992;5597;2787;2810;1365;685;680;0;0;0;5065;2438;2627;1340;916;424;4257;1871;2386;2555;1279;1276;2489;1261;1228;2050;906;1144;55;28;27;11;8;3;373;319;54;66;18;48;45;9;36;7;1;6;0;0;0;14;8;6;3042;1508;1534;;;;;;;;;;;;;;;;;;;;;;;;;;;;;;;;;;;;;;;;;;;;;;;;;;;;;;;;;;;;;;;;;;;;;;;;;;;;;;;;;;;;;;;;;;;;;;;;;;;;;;;;;;;;;;;;;;;;;;;;;;;;;;;;;;;;;;;;;;;;;;177630.25092407048;817900197.245648
125.0;12;02;0006;00000000;1202000600000000;Singchung;259503;259503;1202000600000000.0;12;2;6;0;0;0;CIRCLE;Singchung Circle;Total;2683;14608;9681;4927;1999;1031;968;115;74;41;2078;1081;997;9597;7259;2338;5011;2422;2589;7701;6794;907;7269;6523;746;829;540;289;34;24;10;60;40;20;6346;5919;427;432;271;161;96;24;72;6;3;3;28;20;8;302;224;78;6907;2887;4020;;;;;;;;;;;;;;;;;;;;;;;;;;;;;;;;;;;;;;;;;;;;;;;;;;;;;;;;;;;;;;;;;;;;;;;;;;;;;;;;;;;;;;;;;;;;;;;;;;;;;;;;;;;;;;;;;;;;;;;;;;;;;;;;;;;;;;;;;;;;;;143963.28748444474;444680838.32779485
126.0;12;12;0004;00000000;1212000400000000;Manmao;259504;259504;1212000400000000.0;12;12;4;0;0;0;CIRCLE;Manmao Circle;Total;731;3814;1994;1820;744;373;371;11;7;4;3075;1531;1544;1813;1143;670;2001;851;1150;1895;1084;811;1051;741;310;676;401;275;26;25;1;1;0;1;348;315;33;844;343;501;816;323;493;7;3;4;1;1;0;20;16;4;1919;910;1009;;;;;;;;;;;;;;;;;;;;;;;;;;;;;;;;;;;;;;;;;;;;;;;;;;;;;;;;;;;;;;;;;;;;;;;;;;;;;;;;;;;;;;;;;;;;;;;;;;;;;;;;;;;;;;;;;;;;;;;;;;;;;;;;;;;;;;;;;;;;;;93762.58873884995;384761668.7472955
127.0;12;04;0005;00000000;1204000500000000;Toru;259505;259505;1204000500000000.0;12;4;5;0;0;0;CIRCLE;Toru Circle;Total;520;2857;1500;1357;563;290;273;22;22;0;2332;1132;1200;1301;846;455;1556;654;902;1152;685;467;1051;659;392;534;231;303;17;7;10;18;7;11;482;414;68;101;26;75;19;6;13;72;12;60;1;0;1;9;8;1;1705;815;890;;;;;;;;;;;;;;;;;;;;;;;;;;;;;;;;;;;;;;;;;;;;;;;;;;;;;;;;;;;;;;;;;;;;;;;;;;;;;;;;;;;;;;;;;;;;;;;;;;;;;;;;;;;;;;;;;;;;;;;;;;;;;;;;;;;;;;;;;;;;;;105949.90239773443;259731388.96394205
128.0;12;04;0007;00000000;1204000700000000;Leporiang;259506;259506;1204000700000000.0;12;4;7;0;0;0;CIRCLE;Leporiang Circle;Total;314;2103;1008;1095;397;197;200;0;0;0;2092;999;1093;568;346;222;1535;662;873;964;435;529;567;257;310;510;227;283;9;4;5;4;2;2;44;24;20;397;178;219;245;110;135;132;60;72;8;5;3;12;3;9;1139;573;566;;;;;;;;;;;;;;;;;;;;;;;;;;;;;;;;;;;;;;;;;;;;;;;;;;;;;;;;;;;;;;;;;;;;;;;;;;;;;;;;;;;;;;;;;;;;;;;;;;;;;;;;;;;;;;;;;;;;;;;;;;;;;;;;;;;;;;;;;;;;;;71581.04851319951;205017159.3846736
129.0;12;02;0004;00000000;1202000400000000;Kalaktang;259507;259507;1202000400000000.0;12;2;4;0;0;0;CIRCLE;Kalaktang Circle;Total;1794;8617;4611;4006;1565;792;773;16;11;5;5369;2684;2685;4239;2662;1577;4378;1949;2429;3765;2365;1400;3224;2245;979;1567;921;646;69;50;19;73;36;37;1515;1238;277;541;120;421;401;59;342;37;4;33;3;1;2;100;56;44;4852;2246;2606;;;;;;;;;;;;;;;;;;;;;;;;;;;;;;;;;;;;;;;;;;;;;;;;;;;;;;;;;;;;;;;;;;;;;;;;;;;;;;;;;;;;;;;;;;;;;;;;;;;;;;;;;;;;;;;;;;;;;;;;;;;;;;;;;;;;;;;;;;;;;;149502.20888821787;824856743.0416261
130.0;12;02;0005;00000000;1202000500000000;Rupa;259508;259508;1202000500000000.0;12;2;5;0;0;0;CIRCLE;Rupa Circle;Total;1601;7812;4628;3184;1195;615;580;82;58;24;2652;1359;1293;4556;3122;1434;3256;1506;1750;3743;2873;870;3380;2707;673;780;438;342;192;150;42;30;17;13;2378;2102;276;363;166;197;137;56;81;88;44;44;0;0;0;138;66;72;4069;1755;2314;;;;;;;;;;;;;;;;;;;;;;;;;;;;;;;;;;;;;;;;;;;;;;;;;;;;;;;;;;;;;;;;;;;;;;;;;;;;;;;;;;;;;;;;;;;;;;;;;;;;;;;;;;;;;;;;;;;;;;;;;;;;;;;;;;;;;;;;;;;;;;70115.36879620486;253283132.80460605
131.0;12;02;0007;00000000;1202000700000000;Jamiri;259509;259509;1202000700000000.0;12;2;7;0;0;0;CIRCLE;Jamiri Circle;Total;308;1539;829;710;303;163;140;5;3;2;977;494;483;487;316;171;1052;513;539;758;458;300;743;451;292;318;145;173;0;0;0;5;1;4;420;305;115;15;7;8;2;1;1;0;0;0;0;0;0;13;6;7;781;371;410;;;;;;;;;;;;;;;;;;;;;;;;;;;;;;;;;;;;;;;;;;;;;;;;;;;;;;;;;;;;;;;;;;;;;;;;;;;;;;;;;;;;;;;;;;;;;;;;;;;;;;;;;;;;;;;;;;;;;;;;;;;;;;;;;;;;;;;;;;;;;;61477.03795787242;213852232.58367202
132.0;12;02;0003;00000000;1202000300000000;Bomdila;259510;259510;1202000300000000.0;12;2;3;0;0;0;CIRCLE;Bomdila Circle;Total;1950;7826;4199;3627;1091;560;531;50;33;17;3671;1866;1805;5091;2977;2114;2735;1222;1513;2656;2004;652;2484;1900;584;112;65;47;12;6;6;41;20;21;2319;1809;510;172;104;68;73;44;29;52;35;17;6;4;2;41;21;20;5170;2195;2975;;;;;;;;;;;;;;;;;;;;;;;;;;;;;;;;;;;;;;;;;;;;;;;;;;;;;;;;;;;;;;;;;;;;;;;;;;;;;;;;;;;;;;;;;;;;;;;;;;;;;;;;;;;;;;;;;;;;;;;;;;;;;;;;;;;;;;;;;;;;;;19379.81628252243;18748498.337345403
133.0;12;12;0002;00000000;1212000200000000;Changlang;259511;259511;1212000200000000.0;12;12;2;0;0;0;CIRCLE;Changlang Circle;Total;3102;14718;7893;6825;2653;1348;1305;50;25;25;9580;4844;4736;7531;4718;2813;7187;3175;4012;6329;4058;2271;5333;3646;1687;2277;1136;1141;74;59;15;76;52;24;2906;2399;507;996;412;584;784;301;483;57;28;29;32;4;28;123;79;44;8389;3835;4554;;;;;;;;;;;;;;;;;;;;;;;;;;;;;;;;;;;;;;;;;;;;;;;;;;;;;;;;;;;;;;;;;;;;;;;;;;;;;;;;;;;;;;;;;;;;;;;;;;;;;;;;;;;;;;;;;;;;;;;;;;;;;;;;;;;;;;;;;;;;;;108636.49153922158;497217119.90294164
134.0;12;13;0001;00000000;1213000100000000;Namsang;259512;259512;1213000100000000.0;12;13;1;0;0;0;CIRCLE;Namsang Circle;Total;2731;12431;6788;5643;2220;1173;1047;41;25;16;7406;3980;3426;6674;4221;2453;5757;2567;3190;5017;3382;1635;4218;3036;1182;1931;1069;862;21;17;4;7;7;0;2259;1943;316;799;346;453;607;218;389;43;25;18;8;0;8;141;103;38;7414;3406;4008;;;;;;;;;;;;;;;;;;;;;;;;;;;;;;;;;;;;;;;;;;;;;;;;;;;;;;;;;;;;;;;;;;;;;;;;;;;;;;;;;;;;;;;;;;;;;;;;;;;;;;;;;;;;;;;;;;;;;;;;;;;;;;;;;;;;;;;;;;;;;;85180.4142302268;393408614.78259003
135.0;12;12;0003;00000000;1212000300000000;Namtok;259513;259513;1212000300000000.0;12;12;3;0;0;0;CIRCLE;Namtok Circle;Total;593;3085;1603;1482;574;282;292;1;1;0;1491;783;708;1143;766;377;1942;837;1105;1404;794;610;1142;671;471;521;281;240;12;8;4;23;18;5;586;364;222;262;123;139;73;32;41;23;16;7;3;2;1;163;73;90;1681;809;872;;;;;;;;;;;;;;;;;;;;;;;;;;;;;;;;;;;;;;;;;;;;;;;;;;;;;;;;;;;;;;;;;;;;;;;;;;;;;;;;;;;;;;;;;;;;;;;;;;;;;;;;;;;;;;;;;;;;;;;;;;;;;;;;;;;;;;;;;;;;;;29065.557932435164;31668691.63284206
136.0;12;04;0004;00000000;1204000400000000;Doimukh;259514;259514;1204000400000000.0;12;4;4;0;0;0;CIRCLE;Doimukh Circle;Total;1943;9890;5161;4729;1781;883;898;86;53;33;5789;2853;2936;5741;3325;2416;4149;1836;2313;3429;2267;1162;3123;2139;984;1060;520;540;103;72;31;41;27;14;1919;1520;399;306;128;178;160;49;111;78;41;37;9;1;8;59;37;22;6461;2894;3567;;;;;;;;;;;;;;;;;;;;;;;;;;;;;;;;;;;;;;;;;;;;;;;;;;;;;;;;;;;;;;;;;;;;;;;;;;;;;;;;;;;;;;;;;;;;;;;;;;;;;;;;;;;;;;;;;;;;;;;;;;;;;;;;;;;;;;;;;;;;;;68072.1915377386;141471883.74743098
137.0;12;04;0003;00000000;1204000300000000;Naharlagun;259515;259515;1204000300000000.0;12;4;3;0;0;0;CIRCLE;Naharlagun Circle;Total;8545;39727;20974;18753;6389;3217;3172;757;421;336;18593;9184;9409;25684;14933;10751;14043;6041;8002;14067;10256;3811;12622;9585;3037;679;353;326;139;93;46;238;160;78;11566;8979;2587;1445;671;774;279;93;186;65;26;39;53;24;29;1048;528;520;25660;10718;14942;;;;;;;;;;;;;;;;;;;;;;;;;;;;;;;;;;;;;;;;;;;;;;;;;;;;;;;;;;;;;;;;;;;;;;;;;;;;;;;;;;;;;;;;;;;;;;;;;;;;;;;;;;;;;;;;;;;;;;;;;;;;;;;;;;;;;;;;;;;;;;67675.8128556234;164975900.76746604
138.0;12;03;0001;00000000;1203000100000000;Seijosa;259516;259516;1203000100000000.0;12;3;1;0;0;0;CIRCLE;Seijosa Circle;Total;1004;5219;2744;2475;949;474;475;0;0;0;3276;1724;1552;2661;1565;1096;2558;1179;1379;2022;1264;758;1502;1135;367;497;314;183;163;112;51;22;15;7;820;694;126;520;129;391;117;36;81;70;33;37;16;3;13;317;57;260;3197;1480;1717;;;;;;;;;;;;;;;;;;;;;;;;;;;;;;;;;;;;;;;;;;;;;;;;;;;;;;;;;;;;;;;;;;;;;;;;;;;;;;;;;;;;;;;;;;;;;;;;;;;;;;;;;;;;;;;;;;;;;;;;;;;;;;;;;;;;;;;;;;;;;;228051.74638439118;1081318683.8613539
139.0;12;04;0002;00000000;1204000200000000;Itanagar;259517;259517;1204000200000000.0;12;4;2;0;0;0;CIRCLE;Itanagar Circle;Total;8471;39173;20846;18327;6382;3255;3127;487;280;207;18381;9103;9278;25355;14768;10587;13818;6078;7740;14205;9974;4231;13030;9448;3582;521;279;242;73;50;23;139;65;74;12297;9054;3243;1175;526;649;207;90;117;27;11;16;172;30;142;769;395;374;24968;10872;14096;;;;;;;;;;;;;;;;;;;;;;;;;;;;;;;;;;;;;;;;;;;;;;;;;;;;;;;;;;;;;;;;;;;;;;;;;;;;;;;;;;;;;;;;;;;;;;;;;;;;;;;;;;;;;;;;;;;;;;;;;;;;;;;;;;;;;;;;;;;;;;68936.55644733255;176739723.57307383
140.0;12;04;0001;00000000;1204000100000000;Balijan;259518;259518;1204000100000000.0;12;4;1;0;0;0;CIRCLE;Balijan Circle;Total;1920;11589;5887;5702;2385;1183;1202;3;0;3;8129;4021;4108;4492;2722;1770;7097;3165;3932;3764;2303;1461;2463;1829;634;1464;1005;459;149;115;34;22;15;7;828;694;134;1301;474;827;887;320;567;357;133;224;32;10;22;25;11;14;7825;3584;4241;;;;;;;;;;;;;;;;;;;;;;;;;;;;;;;;;;;;;;;;;;;;;;;;;;;;;;;;;;;;;;;;;;;;;;;;;;;;;;;;;;;;;;;;;;;;;;;;;;;;;;;;;;;;;;;;;;;;;;;;;;;;;;;;;;;;;;;;;;;;;;180649.19045565574;850999369.947008
141.0;12;02;0009;00000000;1202000900000000;Bhalukpong;259519;259519;1202000900000000.0;12;2;9;0;0;0;CIRCLE;Bhalukpong Circle;Total;1356;5519;3072;2447;985;532;453;37;23;14;1377;711;666;3074;1949;1125;2445;1123;1322;2018;1686;332;1842;1565;277;18;11;7;29;26;3;19;17;2;1776;1511;265;176;121;55;33;16;17;12;6;6;1;0;1;130;99;31;3501;1386;2115;;;;;;;;;;;;;;;;;;;;;;;;;;;;;;;;;;;;;;;;;;;;;;;;;;;;;;;;;;;;;;;;;;;;;;;;;;;;;;;;;;;;;;;;;;;;;;;;;;;;;;;;;;;;;;;;;;;;;;;;;;;;;;;;;;;;;;;;;;;;;;97392.41173655368;356684268.600111
142.0;12;13;0002;00000000;1213000200000000;Khonsa;259520;259520;1213000200000000.0;12;13;2;0;0;0;CIRCLE;Khonsa Circle;Total;5933;28914;15340;13574;5501;2768;2733;121;61;60;22108;10949;11159;13500;8636;4864;15414;6704;8710;13594;8156;5438;12428;7719;4709;7381;3407;3974;55;32;23;50;29;21;4942;4251;691;1166;437;729;933;248;685;13;10;3;10;1;9;210;178;32;15320;7184;8136;;;;;;;;;;;;;;;;;;;;;;;;;;;;;;;;;;;;;;;;;;;;;;;;;;;;;;;;;;;;;;;;;;;;;;;;;;;;;;;;;;;;;;;;;;;;;;;;;;;;;;;;;;;;;;;;;;;;;;;;;;;;;;;;;;;;;;;;;;;;;;129053.20831777075;581315692.3651665
143.0;12;13;0003;00000000;1213000300000000;Kanubari;259521;259521;1213000300000000.0;12;13;3;0;0;0;CIRCLE;Kanubari Circle;Total;1965;11340;5839;5501;2448;1219;1229;1;0;1;9743;4932;4811;4067;2612;1455;7273;3227;4046;5524;3014;2510;5092;2801;2291;3908;1891;2017;42;32;10;7;4;3;1135;874;261;432;213;219;362;166;196;9;7;2;4;0;4;57;40;17;5816;2825;2991;;;;;;;;;;;;;;;;;;;;;;;;;;;;;;;;;;;;;;;;;;;;;;;;;;;;;;;;;;;;;;;;;;;;;;;;;;;;;;;;;;;;;;;;;;;;;;;;;;;;;;;;;;;;;;;;;;;;;;;;;;;;;;;;;;;;;;;;;;;;;;80420.98902248326;257791883.58956048
144.0;12;12;0001;00000000;1212000100000000;Khimiyong;259522;259522;1212000100000000.0;12;12;1;0;0;0;CIRCLE;Khimiyong Circle;Total;658;3506;1830;1676;708;384;324;0;0;0;3321;1712;1609;1001;700;301;2505;1130;1375;1988;1025;963;1777;919;858;1565;743;822;9;3;6;8;5;3;195;168;27;211;106;105;198;94;104;10;10;0;1;1;0;2;1;1;1518;805;713;;;;;;;;;;;;;;;;;;;;;;;;;;;;;;;;;;;;;;;;;;;;;;;;;;;;;;;;;;;;;;;;;;;;;;;;;;;;;;;;;;;;;;;;;;;;;;;;;;;;;;;;;;;;;;;;;;;;;;;;;;;;;;;;;;;;;;;;;;;;;;69812.82321654807;194737301.75052392
145.0;12;13;0004;00000000;1213000400000000;Longding;259523;259523;1213000400000000.0;12;13;4;0;0;0;CIRCLE;Longding Circle;Total;2691;15703;8239;7464;3478;1775;1703;7;2;5;13488;6796;6692;4830;3481;1349;10873;4758;6115;7233;3933;3300;6382;3610;2772;4626;2063;2563;49;23;26;44;32;12;1663;1492;171;851;323;528;568;179;389;84;23;61;34;10;24;165;111;54;8470;4306;4164;;;;;;;;;;;;;;;;;;;;;;;;;;;;;;;;;;;;;;;;;;;;;;;;;;;;;;;;;;;;;;;;;;;;;;;;;;;;;;;;;;;;;;;;;;;;;;;;;;;;;;;;;;;;;;;;;;;;;;;;;;;;;;;;;;;;;;;;;;;;;;92296.59556861052;195661491.45928302
146.0;12;02;0010;00000000;1202001000000000;Balemu;259524;259524;1202001000000000.0;12;2;10;0;0;0;CIRCLE;Balemu Circle;Total;314;1224;669;555;260;129;131;0;0;0;605;305;300;507;338;169;717;331;386;575;420;155;478;398;80;129;92;37;86;70;16;0;0;0;263;236;27;97;22;75;35;8;27;55;12;43;0;0;0;7;2;5;649;249;400;;;;;;;;;;;;;;;;;;;;;;;;;;;;;;;;;;;;;;;;;;;;;;;;;;;;;;;;;;;;;;;;;;;;;;;;;;;;;;;;;;;;;;;;;;;;;;;;;;;;;;;;;;;;;;;;;;;;;;;;;;;;;;;;;;;;;;;;;;;;;;56356.96329257643;170745344.00808743
147.0;12;13;0008;00000000;1213000800000000;Laju;259525;259525;1213000800000000.0;12;13;8;0;0;0;CIRCLE;Laju Circle;Total;1770;7959;3962;3997;1793;956;837;0;0;0;7659;3760;3899;1576;1277;299;6383;2685;3698;4302;2037;2265;4178;1965;2213;3823;1658;2165;15;6;9;2;1;1;338;300;38;124;72;52;112;62;50;2;0;2;0;0;0;10;10;0;3657;1925;1732;;;;;;;;;;;;;;;;;;;;;;;;;;;;;;;;;;;;;;;;;;;;;;;;;;;;;;;;;;;;;;;;;;;;;;;;;;;;;;;;;;;;;;;;;;;;;;;;;;;;;;;;;;;;;;;;;;;;;;;;;;;;;;;;;;;;;;;;;;;;;;85904.18733149787;246546593.5029743
148.0;12;13;0007;00000000;1213000700000000;Wakka;259526;259526;1213000700000000.0;12;13;7;0;0;0;CIRCLE;Wakka Circle;Total;1605;9246;4730;4516;2101;1102;999;0;0;0;9033;4580;4453;1091;905;186;8155;3825;4330;4980;2550;2430;3829;2097;1732;3545;1843;1702;5;5;0;4;3;1;275;246;29;1151;453;698;1055;386;669;46;42;4;21;5;16;29;20;9;4266;2180;2086;;;;;;;;;;;;;;;;;;;;;;;;;;;;;;;;;;;;;;;;;;;;;;;;;;;;;;;;;;;;;;;;;;;;;;;;;;;;;;;;;;;;;;;;;;;;;;;;;;;;;;;;;;;;;;;;;;;;;;;;;;;;;;;;;;;;;;;;;;;;;;76785.83128014117;249069009.42266476
149.0;12;13;0005;00000000;1213000500000000;Pumao;259527;259527;1213000500000000.0;12;13;5;0;0;0;CIRCLE;Pumao Circle;Total;574;4312;2232;2080;1008;567;441;0;0;0;4291;2217;2074;335;276;59;3977;1956;2021;2845;1432;1413;2257;1088;1169;2206;1040;1166;1;1;0;3;2;1;47;45;2;588;344;244;587;344;243;1;0;1;0;0;0;0;0;0;1467;800;667;;;;;;;;;;;;;;;;;;;;;;;;;;;;;;;;;;;;;;;;;;;;;;;;;;;;;;;;;;;;;;;;;;;;;;;;;;;;;;;;;;;;;;;;;;;;;;;;;;;;;;;;;;;;;;;;;;;;;;;;;;;;;;;;;;;;;;;;;;;;;;54142.69772595305;113463025.3868663
150.0;12;13;0006;00000000;1213000600000000;Pangchao;259528;259528;1213000600000000.0;12;13;6;0;0;0;CIRCLE;Pangchao Circle;Total;1688;10421;5407;5014;1735;890;845;0;0;0;10212;5241;4971;1331;1048;283;9090;4359;4731;5579;2929;2650;5423;2858;2565;5102;2560;2542;10;6;4;2;2;0;309;290;19;156;71;85;144;65;79;4;2;2;0;0;0;8;4;4;4842;2478;2364;;;;;;;;;;;;;;;;;;;;;;;;;;;;;;;;;;;;;;;;;;;;;;;;;;;;;;;;;;;;;;;;;;;;;;;;;;;;;;;;;;;;;;;;;;;;;;;;;;;;;;;;;;;;;;;;;;;;;;;;;;;;;;;;;;;;;;;;;;;;;;77383.64192867243;233230724.0739965
