SID;DID;TID;VILL_CODE;C_CODE01;NAME;UID;CENSUS_COD;STATE;DISTRICT;SUB_DIST;TOWN_VILL;WARD;EB;LEVEL;NAME_1;TRU;No_HH;TOT_P;TOT_M;TOT_F;P_06;M_06;F_06;P_SC;M_SC;F_SC;P_ST;M_ST;F_ST;P_LIT;M_LIT;F_LIT;P_ILL;M_ILL;F_ILL;TOT_WORK_P;TOT_WORK_M;TOT_WORK_F;MAINWORK_P;MAINWORK_M;MAINWORK_F;MAIN_CL_P;MAIN_CL_M;MAIN_CL_F;MAIN_AL_P;MAIN_AL_M;MAIN_AL_F;MAIN_HH_P;MAIN_HH_M;MAIN_HH_F;MAIN_OT_P;MAIN_OT_M;MAIN_OT_F;MARGWORK_P;MARGWORK_M;MARGWORK_F;MARG_CL_P;MARG_CL_M;MARG_CL_F;MARG_AL_P;MARG_AL_M;MARG_AL_F;MARG_HH_P;MARG_HH_M;MARG_HH_F;MARG_OT_P;MARG_OT_M;MARG_OT_F;NON_WORK_P;NON_WORK_M;NON_WORK_F;ST_CODE;DIST_CODE;THSIL_CODE;BLOCK_CODE;V_CT_CODE;VILL_NAME;AREA;T_HH;T_P;T_M;T_F;SC_P;SC_M;SC_F;ST_P;ST_M;ST_F;EDU_FAC;P_SCH;RANG_P_SCH;M_SCH;RANG_M_SCH;S_SCH;S_S_SCH;COLLEGE;RANG_COLL;IND_SCH;TR_SCH;ADLT_LT_CT;OTH_SCH;MEDI_FAC;ALL_HOSP;RANG_ALL;AYU_HOSP;UN_HOSP;HOM_HOSP;ALL_DISP;AYU_DISP;UN_DISP;HOM_DISP;MCW_CNTR;RANG_MCW;M_HOME;CWC;H_CNTR;PH_CNTR;RANG_PHC;PHS_CNT;FWC_CNTR;TB_CLN;N_HOME;RMP;SMP;CHW;OTH_CNTR;DRNK_WAT_F;RANG_WAT_F;TAP;WELL;TANK;TUBEWELL;HANDPUMP;RIVER;CANAL;LAKE;SPRING;OTHER;SOU_SUMM;RANG_SS;SS_CODE;P_T_FAC;POST_OFF;RANG_PO;TELE_OFF;POST_TELE;PHONE;RANG_PHONE;COMM_FAC;BS_FAC;RANG_BS;RS_FAC;RANG_RS;NW_FAC;RANG_NW;BANK_FAC;COMM_BANK;RANG_COMM;COOP_BANK;RANG_COOP;CRSOC_FAC;AC_SOC;RANG_ACS;NAC_SOC;RANG_NAC;OTHER_SOC;RANG_OTH;RC_FAC;C_V_HALL;RANG_CV;SP_CL_FAC;RANG_SPCL;ST_AU_FAC;RANG_STAU;APP_PR;APP_MR;APP_FP;APP_NAVRIV;APP_NAVCAN;APP_NW;NEAR_TOWN;DIST_TOWN;POWER_SUPL;POWER_DOM;POWER_AGR;POWER_OTH;POWER_ALL;PAP_MAG;NEWS_PAP;MAGAZINE;A_INCEXP;TOT_INC;TOT_EXP;MAN_COMM1;MAN_COMM2;MAN_COMM3;LAND_FORES;CANAL_GOVT;CANAL_PVT;WELL_WO_EL;WELL_W_EL;TW_WO_EL;TW_W_EL;TANK_IRR;RIVER_IRR;LAKE_IRR;W_FALL;OTH_IRR;TOT_IRR;UN_IRR;CULT_WASTE;AREA_NA_CU
04;01;0001;00000000;0401000100000000;CHANDIGARH;38799;401000000000000.0;4;1;1;0;0;0;TEHSIL;Chandigarh;Total;206465;900635;506938;393697;115613;62664;52949;157597;86187;71410;0;0;0;643245;382686;260559;257390;124252;133138;340422;284419;56003;328989;277050;51939;1799;1521;278;445;377;68;3167;2296;871;323578;272856;50722;11433;7369;4064;342;166;176;118;84;34;713;208;505;10260;6911;3349;560213;222519;337694;0;0;0;0;0;;0;0;0;0;0;0;0;0;0;0;0;0;0;0;0;0;0;0;0;0;0;0;0;0;0;0;0;0;0;0;0;0;0;0;0;0;0;0;0;0;0;0;0;0;0;0;0;0;0;0;0;0;0;0;0;0;0;0;0;0;0;;0;;0;0;0;0;0;0;0;0;0;0;0;0;0;0;0;0;0;0;0;0;0;0;0;0;0;0;0;0;0;0;0;0;0;0;0;0;0;0;0;;0;0;0;0;0;0;0;;;0;0;0;;;;0;0;0;0;0.0;0;0;0;0;0;0;0;0.0;0.0;0;0.0
07;01;0001;00000000;0701000100000000;Narela;62532;701000000000000.0;7;1;1;0;0;0;TEHSIL;Narela;Total;96615;501511;280431;221080;80898;44253;36645;99446;54368;45078;0;0;0;329994;202953;127041;171517;77478;94039;157876;138966;18910;145632;130743;14889;8379;6665;1714;3567;2782;785;3433;2881;552;130253;118415;11838;12244;8223;4021;1163;418;745;2051;1229;822;701;248;453;8329;6328;2001;343635;141465;202170;0;0;0;0;0;;0;0;0;0;0;0;0;0;0;0;0;0;0;0;0;0;0;0;0;0;0;0;0;0;0;0;0;0;0;0;0;0;0;0;0;0;0;0;0;0;0;0;0;0;0;0;0;0;0;0;0;0;0;0;0;0;0;0;0;0;0;;0;;0;0;0;0;0;0;0;0;0;0;0;0;0;0;0;0;0;0;0;0;0;0;0;0;0;0;0;0;0;0;0;0;0;0;0;0;0;0;0;;0;0;0;0;0;0;0;;;0;0;0;;;;0;0;0;0;0.0;0;0;0;0;0;0;0;0.0;0.0;0;0.0
07;01;0002;00000000;0701000200000000;Saraswati Vihar;62533;701000000000000.0;7;1;2;0;0;0;TEHSIL;Saraswati Vihar;Total;355896;1802232;983603;818629;268401;144444;123957;357273;193870;163403;0;0;0;1251819;735564;516255;550413;248039;302374;577977;503144;74833;551343;484182;67161;3982;3256;726;752;552;200;13734;11634;2100;532875;468740;64135;26634;18962;7672;447;253;194;321;225;96;1454;560;894;24412;17924;6488;1224255;480459;743796;0;0;0;0;0;;0;0;0;0;0;0;0;0;0;0;0;0;0;0;0;0;0;0;0;0;0;0;0;0;0;0;0;0;0;0;0;0;0;0;0;0;0;0;0;0;0;0;0;0;0;0;0;0;0;0;0;0;0;0;0;0;0;0;0;0;0;;0;;0;0;0;0;0;0;0;0;0;0;0;0;0;0;0;0;0;0;0;0;0;0;0;0;0;0;0;0;0;0;0;0;0;0;0;0;0;0;0;;0;0;0;0;0;0;0;;;0;0;0;;;;0;0;0;0;0.0;0;0;0;0;0;0;0;0.0;0.0;0;0.0
07;03;0001;00000000;0703000100000000;Seelam Pur;62534;703000000000000.0;7;3;1;0;0;0;TEHSIL;Seelam Pur;Total;159816;920125;499957;420168;161446;86069;75377;120660;65209;55451;0;0;0;583701;350900;232801;336424;149057;187367;254714;236439;18275;239209;225309;13900;815;745;70;273;233;40;12674;10577;2097;225447;213754;11693;15505;11130;4375;50;6;44;100;61;39;2323;778;1545;13032;10285;2747;665411;263518;401893;0;0;0;0;0;;0;0;0;0;0;0;0;0;0;0;0;0;0;0;0;0;0;0;0;0;0;0;0;0;0;0;0;0;0;0;0;0;0;0;0;0;0;0;0;0;0;0;0;0;0;0;0;0;0;0;0;0;0;0;0;0;0;0;0;0;0;;0;;0;0;0;0;0;0;0;0;0;0;0;0;0;0;0;0;0;0;0;0;0;0;0;0;0;0;0;0;0;0;0;0;0;0;0;0;0;0;0;;0;0;0;0;0;0;0;;;0;0;0;;;;0;0;0;0;0.0;0;0;0;0;0;0;0;0.0;0.0;0;0.0
07;02;0001;00000000;0702000100000000;Civil Lines;62535;702000000000000.0;7;2;1;0;0;0;TEHSIL;Civil Lines;Total;101794;526476;286743;239733;72095;38579;33516;98560;52625;45935;0;0;0;378127;220217;157910;148349;66526;81823;169106;147378;21728;160802;141477;19325;1153;814;339;665;468;197;4867;4020;847;154117;136175;17942;8304;5901;2403;161;62;99;270;177;93;618;266;352;7255;5396;1859;357370;139365;218005;0;0;0;0;0;;0;0;0;0;0;0;0;0;0;0;0;0;0;0;0;0;0;0;0;0;0;0;0;0;0;0;0;0;0;0;0;0;0;0;0;0;0;0;0;0;0;0;0;0;0;0;0;0;0;0;0;0;0;0;0;0;0;0;0;0;0;;0;;0;0;0;0;0;0;0;0;0;0;0;0;0;0;0;0;0;0;0;0;0;0;0;0;0;0;0;0;0;0;0;0;0;0;0;0;0;0;0;;0;0;0;0;0;0;0;;;0;0;0;;;;0;0;0;0;0.0;0;0;0;0;0;0;0;0.0;0.0;0;0.0
07;01;0003;00000000;0701000300000000;Model Town;62536;701000000000000.0;7;1;3;0;0;0;TEHSIL;Model Town;Total;109434;557126;307655;249471;81506;43344;38162;96443;52601;43842;0;0;0;376089;222530;153559;181037;85125;95912;183586;162681;20905;175167;156502;18665;147;116;31;102;70;32;4086;3424;662;170832;152892;17940;8419;6179;2240;7;5;2;30;18;12;357;156;201;8025;6000;2025;373540;144974;228566;0;0;0;0;0;;0;0;0;0;0;0;0;0;0;0;0;0;0;0;0;0;0;0;0;0;0;0;0;0;0;0;0;0;0;0;0;0;0;0;0;0;0;0;0;0;0;0;0;0;0;0;0;0;0;0;0;0;0;0;0;0;0;0;0;0;0;;0;;0;0;0;0;0;0;0;0;0;0;0;0;0;0;0;0;0;0;0;0;0;0;0;0;0;0;0;0;0;0;0;0;0;0;0;0;0;0;0;;0;0;0;0;0;0;0;;;0;0;0;;;;0;0;0;0;0.0;0;0;0;0;0;0;0;0.0;0.0;0;0.0
07;03;0003;00000000;0703000300000000;Seema Puri;62537;703000000000000.0;7;3;3;0;0;0;TEHSIL;Seema Puri;Total;98259;529714;285398;244316;87271;46371;40900;139104;74294;64810;0;0;0;339528;201305;138223;190186;84093;106093;153733;135621;18112;144047;128772;15275;278;234;44;128;110;18;5555;4415;1140;138086;124013;14073;9686;6849;2837;51;25;26;39;24;15;1046;329;717;8550;6471;2079;375981;149777;226204;0;0;0;0;0;;0;0;0;0;0;0;0;0;0;0;0;0;0;0;0;0;0;0;0;0;0;0;0;0;0;0;0;0;0;0;0;0;0;0;0;0;0;0;0;0;0;0;0;0;0;0;0;0;0;0;0;0;0;0;0;0;0;0;0;0;0;;0;;0;0;0;0;0;0;0;0;0;0;0;0;0;0;0;0;0;0;0;0;0;0;0;0;0;0;0;0;0;0;0;0;0;0;0;0;0;0;0;;0;0;0;0;0;0;0;;;0;0;0;;;;0;0;0;0;0.0;0;0;0;0;0;0;0;0.0;0.0;0;0.0
07;07;0001;00000000;0707000100000000;Punjabi Bagh;62538;707000000000000.0;7;7;1;0;0;0;TEHSIL;Punjabi Bagh;Total;118357;594172;324517;269655;86513;46947;39566;124546;66440;58106;0;0;0;415774;243090;172684;178398;81427;96971;197295;169744;27551;187281;162856;24425;2123;1491;632;388;282;106;4590;3748;842;180180;157335;22845;10014;6888;3126;407;143;264;91;45;46;488;197;291;9028;6503;2525;396877;154773;242104;0;0;0;0;0;;0;0;0;0;0;0;0;0;0;0;0;0;0;0;0;0;0;0;0;0;0;0;0;0;0;0;0;0;0;0;0;0;0;0;0;0;0;0;0;0;0;0;0;0;0;0;0;0;0;0;0;0;0;0;0;0;0;0;0;0;0;;0;;0;0;0;0;0;0;0;0;0;0;0;0;0;0;0;0;0;0;0;0;0;0;0;0;0;0;0;0;0;0;0;0;0;0;0;0;0;0;0;;0;0;0;0;0;0;0;;;0;0;0;;;;0;0;0;0;0.0;0;0;0;0;0;0;0;0.0;0.0;0;0.0
07;03;0002;00000000;0703000200000000;Shahdara;62539;703000000000000.0;7;3;2;0;0;0;TEHSIL;Shahdara;Total;52812;318222;170723;147499;47600;25560;22040;35328;18856;16472;0;0;0;217806;124422;93384;100416;46301;54115;91978;83999;7979;87737;80856;6881;61;55;6;54;37;17;5240;4729;511;82382;76035;6347;4241;3143;1098;1;1;0;21;10;11;567;254;313;3652;2878;774;226244;86724;139520;0;0;0;0;0;;0;0;0;0;0;0;0;0;0;0;0;0;0;0;0;0;0;0;0;0;0;0;0;0;0;0;0;0;0;0;0;0;0;0;0;0;0;0;0;0;0;0;0;0;0;0;0;0;0;0;0;0;0;0;0;0;0;0;0;0;0;;0;;0;0;0;0;0;0;0;0;0;0;0;0;0;0;0;0;0;0;0;0;0;0;0;0;0;0;0;0;0;0;0;0;0;0;0;0;0;0;0;;0;0;0;0;0;0;0;;;0;0;0;;;;0;0;0;0;0.0;0;0;0;0;0;0;0;0.0;0.0;0;0.0
07;02;0002;00000000;0702000200000000;Sadar Bazar;62540;702000000000000.0;7;2;2;0;0;0;TEHSIL;Sadar Bazar;Total;23375;132947;72243;60704;17034;8815;8219;28487;14962;13525;0;0;0;90472;51552;38920;42475;20691;21784;43920;40372;3548;42010;38909;3101;22;17;5;30;21;9;2728;2374;354;39230;36497;2733;1910;1463;447;2;2;0;4;2;2;194;96;98;1710;1363;347;89027;31871;57156;0;0;0;0;0;;0;0;0;0;0;0;0;0;0;0;0;0;0;0;0;0;0;0;0;0;0;0;0;0;0;0;0;0;0;0;0;0;0;0;0;0;0;0;0;0;0;0;0;0;0;0;0;0;0;0;0;0;0;0;0;0;0;0;0;0;0;;0;;0;0;0;0;0;0;0;0;0;0;0;0;0;0;0;0;0;0;0;0;0;0;0;0;0;0;0;0;0;0;0;0;0;0;0;0;0;0;0;;0;0;0;0;0;0;0;;;0;0;0;;;;0;0;0;0;0.0;0;0;0;0;0;0;0;0.0;0.0;0;0.0
07;07;0002;00000000;0707000200000000;Patel Nagar;62541;707000000000000.0;7;7;2;0;0;0;TEHSIL;Patel Nagar;Total;218407;1064773;579960;484813;144507;77364;67143;138568;74952;63616;0;0;0;777032;446718;330314;287741;133242;154499;358254;308682;49572;340245;294980;45265;334;272;62;257;191;66;9725;8440;1285;329929;286077;43852;18009;13702;4307;40;23;17;40;25;15;1149;646;503;16780;13008;3772;706519;271278;435241;0;0;0;0;0;;0;0;0;0;0;0;0;0;0;0;0;0;0;0;0;0;0;0;0;0;0;0;0;0;0;0;0;0;0;0;0;0;0;0;0;0;0;0;0;0;0;0;0;0;0;0;0;0;0;0;0;0;0;0;0;0;0;0;0;0;0;;0;;0;0;0;0;0;0;0;0;0;0;0;0;0;0;0;0;0;0;0;0;0;0;0;0;0;0;0;0;0;0;0;0;0;0;0;0;0;0;0;;0;0;0;0;0;0;0;;;0;0;0;;;;0;0;0;0;0.0;0;0;0;0;0;0;0;0.0;0.0;0;0.0
07;04;0002;00000000;0704000200000000;Vivek Vihar;62542;704000000000000.0;7;4;2;0;0;0;TEHSIL;Vivek Vihar;Total;39878;210055;112064;97991;26521;14442;12079;38172;20199;17973;0;0;0;160687;89189;71498;49368;22875;26493;66608;57615;8993;64738;56295;8443;69;51;18;58;43;15;2220;1980;240;62391;54221;8170;1870;1320;550;6;4;2;2;1;1;108;55;53;1754;1260;494;143447;54449;88998;0;0;0;0;0;;0;0;0;0;0;0;0;0;0;0;0;0;0;0;0;0;0;0;0;0;0;0;0;0;0;0;0;0;0;0;0;0;0;0;0;0;0;0;0;0;0;0;0;0;0;0;0;0;0;0;0;0;0;0;0;0;0;0;0;0;0;;0;;0;0;0;0;0;0;0;0;0;0;0;0;0;0;0;0;0;0;0;0;0;0;0;0;0;0;0;0;0;0;0;0;0;0;0;0;0;0;0;;0;0;0;0;0;0;0;;;0;0;0;;;;0;0;0;0;0.0;0;0;0;0;0;0;0;0.0;0.0;0;0.0
07;04;0001;00000000;0704000100000000;Gandhi Nagar;62543;704000000000000.0;7;4;1;0;0;0;TEHSIL;Gandhi Nagar;Total;67971;368939;199697;169242;49116;26609;22507;35949;19513;16436;0;0;0;277059;154983;122076;91880;44714;47166;118965;108060;10905;115343;105422;9921;128;100;28;191;143;48;6076;5574;502;108948;99605;9343;3622;2638;984;8;2;6;35;18;17;295;139;156;3284;2479;805;249974;91637;158337;0;0;0;0;0;;0;0;0;0;0;0;0;0;0;0;0;0;0;0;0;0;0;0;0;0;0;0;0;0;0;0;0;0;0;0;0;0;0;0;0;0;0;0;0;0;0;0;0;0;0;0;0;0;0;0;0;0;0;0;0;0;0;0;0;0;0;;0;;0;0;0;0;0;0;0;0;0;0;0;0;0;0;0;0;0;0;0;0;0;0;0;0;0;0;0;0;0;0;0;0;0;0;0;0;0;0;0;;0;0;0;0;0;0;0;;;0;0;0;;;;0;0;0;0;0.0;0;0;0;0;0;0;0;0.0;0.0;0;0.0
07;08;0001;00000000;0708000100000000;Najafgarh;62544;708000000000000.0;7;8;1;0;0;0;TEHSIL;Najafgarh;Total;178703;911500;503543;407957;140637;76387;64250;119243;64478;54765;0;0;0;641256;385727;255529;270244;117816;152428;282756;251075;31681;262536;237388;25148;9421;7116;2305;1141;926;215;6790;5444;1346;245184;223902;21282;20220;13687;6533;3464;1278;2186;1641;980;661;953;441;512;14162;10988;3174;628744;252468;376276;0;0;0;0;0;;0;0;0;0;0;0;0;0;0;0;0;0;0;0;0;0;0;0;0;0;0;0;0;0;0;0;0;0;0;0;0;0;0;0;0;0;0;0;0;0;0;0;0;0;0;0;0;0;0;0;0;0;0;0;0;0;0;0;0;0;0;;0;;0;0;0;0;0;0;0;0;0;0;0;0;0;0;0;0;0;0;0;0;0;0;0;0;0;0;0;0;0;0;0;0;0;0;0;0;0;0;0;;0;0;0;0;0;0;0;;;0;0;0;;;;0;0;0;0;0.0;0;0;0;0;0;0;0;0.0;0.0;0;0.0
07;07;0003;00000000;0707000300000000;Rajouri Garden;62545;707000000000000.0;7;7;3;0;0;0;TEHSIL;Rajouri Garden;Total;96018;469963;258607;211356;58648;31495;27153;54569;30539;24030;0;0;0;340932;195053;145879;129031;63554;65477;165366;138573;26793;158991;133772;25219;83;57;26;51;43;8;4771;4174;597;154086;129498;24588;6375;4801;1574;11;6;5;10;9;1;168;97;71;6186;4689;1497;304597;120034;184563;0;0;0;0;0;;0;0;0;0;0;0;0;0;0;0;0;0;0;0;0;0;0;0;0;0;0;0;0;0;0;0;0;0;0;0;0;0;0;0;0;0;0;0;0;0;0;0;0;0;0;0;0;0;0;0;0;0;0;0;0;0;0;0;0;0;0;;0;;0;0;0;0;0;0;0;0;0;0;0;0;0;0;0;0;0;0;0;0;0;0;0;0;0;0;0;0;0;0;0;0;0;0;0;0;0;0;0;;0;0;0;0;0;0;0;;;0;0;0;;;;0;0;0;0;0.0;0;0;0;0;0;0;0;0.0;0.0;0;0.0
07;07;0002;00000000;0707000200000000;Patel Nagar;62546;707000000000000.0;7;7;2;0;0;0;TEHSIL;Patel Nagar;Total;218407;1064773;579960;484813;144507;77364;67143;138568;74952;63616;0;0;0;777032;446718;330314;287741;133242;154499;358254;308682;49572;340245;294980;45265;334;272;62;257;191;66;9725;8440;1285;329929;286077;43852;18009;13702;4307;40;23;17;40;25;15;1149;646;503;16780;13008;3772;706519;271278;435241;0;0;0;0;0;;0;0;0;0;0;0;0;0;0;0;0;0;0;0;0;0;0;0;0;0;0;0;0;0;0;0;0;0;0;0;0;0;0;0;0;0;0;0;0;0;0;0;0;0;0;0;0;0;0;0;0;0;0;0;0;0;0;0;0;0;0;;0;;0;0;0;0;0;0;0;0;0;0;0;0;0;0;0;0;0;0;0;0;0;0;0;0;0;0;0;0;0;0;0;0;0;0;0;0;0;0;0;;0;0;0;0;0;0;0;;;0;0;0;;;;0;0;0;0;0.0;0;0;0;0;0;0;0;0.0;0.0;0;0.0
07;02;0003;00000000;0702000300000000;Kotwali;62547;702000000000000.0;7;2;3;0;0;0;TEHSIL;Kotwali;Total;23758;122102;68896;53206;17984;9403;8581;7576;4152;3424;0;0;0;71593;42334;29259;50509;26562;23947;43570;39998;3572;42078;38929;3149;135;109;26;178;122;56;1744;1552;192;40021;37146;2875;1492;1069;423;4;4;0;16;12;4;67;15;52;1405;1038;367;78532;28898;49634;0;0;0;0;0;;0;0;0;0;0;0;0;0;0;0;0;0;0;0;0;0;0;0;0;0;0;0;0;0;0;0;0;0;0;0;0;0;0;0;0;0;0;0;0;0;0;0;0;0;0;0;0;0;0;0;0;0;0;0;0;0;0;0;0;0;0;;0;;0;0;0;0;0;0;0;0;0;0;0;0;0;0;0;0;0;0;0;0;0;0;0;0;0;0;0;0;0;0;0;0;0;0;0;0;0;0;0;;0;0;0;0;0;0;0;;;0;0;0;;;;0;0;0;0;0.0;0;0;0;0;0;0;0;0.0;0.0;0;0.0
07;06;0002;00000000;0706000200000000;Pahar Ganj;62548;706000000000000.0;7;6;2;0;0;0;TEHSIL;Pahar Ganj;Total;37404;197810;109407;88403;23987;12799;11188;53913;28563;25350;0;0;0;136501;79296;57205;61309;30111;31198;70531;61944;8587;66768;59246;7522;54;39;15;36;26;10;3886;3269;617;62792;55912;6880;3763;2698;1065;4;3;1;6;4;2;400;167;233;3353;2524;829;127279;47463;79816;0;0;0;0;0;;0;0;0;0;0;0;0;0;0;0;0;0;0;0;0;0;0;0;0;0;0;0;0;0;0;0;0;0;0;0;0;0;0;0;0;0;0;0;0;0;0;0;0;0;0;0;0;0;0;0;0;0;0;0;0;0;0;0;0;0;0;;0;;0;0;0;0;0;0;0;0;0;0;0;0;0;0;0;0;0;0;0;0;0;0;0;0;0;0;0;0;0;0;0;0;0;0;0;0;0;0;0;;0;0;0;0;0;0;0;;;0;0;0;;;;0;0;0;0;0.0;0;0;0;0;0;0;0;0.0;0.0;0;0.0
07;06;0003;00000000;0706000300000000;Darya Ganj;62549;706000000000000.0;7;6;3;0;0;0;TEHSIL;Darya Ganj;Total;55803;308327;166343;141984;41792;21628;20164;38312;20549;17763;0;0;0;204661;114737;89924;103666;51606;52060;102853;91487;11366;97761;87709;10052;100;77;23;117;76;41;6329;5464;865;91215;82092;9123;5092;3778;1314;17;12;5;25;10;15;503;186;317;4547;3570;977;205474;74856;130618;0;0;0;0;0;;0;0;0;0;0;0;0;0;0;0;0;0;0;0;0;0;0;0;0;0;0;0;0;0;0;0;0;0;0;0;0;0;0;0;0;0;0;0;0;0;0;0;0;0;0;0;0;0;0;0;0;0;0;0;0;0;0;0;0;0;0;;0;;0;0;0;0;0;0;0;0;0;0;0;0;0;0;0;0;0;0;0;0;0;0;0;0;0;0;0;0;0;0;0;0;0;0;0;0;0;0;0;;0;0;0;0;0;0;0;;;0;0;0;;;;0;0;0;0;0.0;0;0;0;0;0;0;0;0.0;0.0;0;0.0
07;06;0001;00000000;0706000100000000;Karol Bagh;62550;706000000000000.0;7;6;1;0;0;0;TEHSIL;Karol Bagh;Total;27409;140248;75081;65167;14701;7865;6836;58590;30217;28373;0;0;0;109827;61220;48607;30421;13861;16560;50467;42638;7829;48795;41448;7347;45;34;11;29;22;7;1768;1461;307;46953;39931;7022;1672;1190;482;0;0;0;1;0;1;106;29;77;1565;1161;404;89781;32443;57338;0;0;0;0;0;;0;0;0;0;0;0;0;0;0;0;0;0;0;0;0;0;0;0;0;0;0;0;0;0;0;0;0;0;0;0;0;0;0;0;0;0;0;0;0;0;0;0;0;0;0;0;0;0;0;0;0;0;0;0;0;0;0;0;0;0;0;;0;;0;0;0;0;0;0;0;0;0;0;0;0;0;0;0;0;0;0;0;0;0;0;0;0;0;0;0;0;0;0;0;0;0;0;0;0;0;0;0;;0;0;0;0;0;0;0;;;0;0;0;;;;0;0;0;0;0.0;0;0;0;0;0;0;0;0.0;0.0;0;0.0
07;04;0003;00000000;0704000300000000;Preet Vihar;62551;704000000000000.0;7;4;3;0;0;0;TEHSIL;Preet Vihar;Total;179789;884589;482313;402276;129936;69170;60766;164863;88566;76297;0;0;0;630393;368889;261504;254196;113424;140772;289737;247876;41861;276135;237659;38476;865;607;258;373;249;124;6525;5477;1048;268372;231326;37046;13602;10217;3385;40;13;27;33;15;18;754;325;429;12775;9864;2911;594852;234437;360415;0;0;0;0;0;;0;0;0;0;0;0;0;0;0;0;0;0;0;0;0;0;0;0;0;0;0;0;0;0;0;0;0;0;0;0;0;0;0;0;0;0;0;0;0;0;0;0;0;0;0;0;0;0;0;0;0;0;0;0;0;0;0;0;0;0;0;;0;;0;0;0;0;0;0;0;0;0;0;0;0;0;0;0;0;0;0;0;0;0;0;0;0;0;0;0;0;0;0;0;0;0;0;0;0;0;0;0;;0;0;0;0;0;0;0;;;0;0;0;;;;0;0;0;0;0.0;0;0;0;0;0;0;0;0.0;0.0;0;0.0
07;08;0002;00000000;0708000200000000;Delhi Cantonment.;62552;708000000000000.0;7;8;2;0;0;0;TEHSIL;Delhi Cantonment.;Total;65501;307298;181518;125780;39945;21729;18216;57743;32202;25541;0;0;0;222247;141156;81091;85051;40362;44689;123718;109029;14689;119062;105639;13423;157;122;35;142;110;32;1781;1458;323;116982;103949;13033;4656;3390;1266;14;7;7;20;11;9;171;51;120;4451;3321;1130;183580;72489;111091;0;0;0;0;0;;0;0;0;0;0;0;0;0;0;0;0;0;0;0;0;0;0;0;0;0;0;0;0;0;0;0;0;0;0;0;0;0;0;0;0;0;0;0;0;0;0;0;0;0;0;0;0;0;0;0;0;0;0;0;0;0;0;0;0;0;0;;0;;0;0;0;0;0;0;0;0;0;0;0;0;0;0;0;0;0;0;0;0;0;0;0;0;0;0;0;0;0;0;0;0;0;0;0;0;0;0;0;;0;0;0;0;0;0;0;;;0;0;0;;;;0;0;0;0;0.0;0;0;0;0;0;0;0;0.0;0.0;0;0.0
07;05;0001;00000000;0705000100000000;Parliament Street;62553;705000000000000.0;7;5;1;0;0;0;TEHSIL;Parliament Street;Total;12408;59132;32562;26570;6340;3388;2952;12072;6501;5571;0;0;0;45888;26743;19145;13244;5819;7425;21356;17145;4211;20710;16636;4074;21;11;10;29;16;13;156;136;20;20504;16473;4031;646;509;137;1;0;1;1;1;0;13;7;6;631;501;130;37776;15417;22359;0;0;0;0;0;;0;0;0;0;0;0;0;0;0;0;0;0;0;0;0;0;0;0;0;0;0;0;0;0;0;0;0;0;0;0;0;0;0;0;0;0;0;0;0;0;0;0;0;0;0;0;0;0;0;0;0;0;0;0;0;0;0;0;0;0;0;;0;;0;0;0;0;0;0;0;0;0;0;0;0;0;0;0;0;0;0;0;0;0;0;0;0;0;0;0;0;0;0;0;0;0;0;0;0;0;0;0;;0;0;0;0;0;0;0;;;0;0;0;;;;0;0;0;0;0.0;0;0;0;0;0;0;0;0.0;0.0;0;0.0
07;05;0002;00000000;0705000200000000;Connaught Place;62554;705000000000000.0;7;5;2;0;0;0;TEHSIL;Connaught Place;Total;9722;44986;25645;19341;5919;3073;2846;9001;4913;4088;0;0;0;31249;19302;11947;13737;6343;7394;18153;14948;3205;17155;14158;2997;17;14;3;14;12;2;347;281;66;16777;13851;2926;998;790;208;3;1;2;5;5;0;27;15;12;963;769;194;26833;10697;16136;0;0;0;0;0;;0;0;0;0;0;0;0;0;0;0;0;0;0;0;0;0;0;0;0;0;0;0;0;0;0;0;0;0;0;0;0;0;0;0;0;0;0;0;0;0;0;0;0;0;0;0;0;0;0;0;0;0;0;0;0;0;0;0;0;0;0;;0;;0;0;0;0;0;0;0;0;0;0;0;0;0;0;0;0;0;0;0;0;0;0;0;0;0;0;0;0;0;0;0;0;0;0;0;0;0;0;0;;0;0;0;0;0;0;0;;;0;0;0;;;;0;0;0;0;0.0;0;0;0;0;0;0;0;0.0;0.0;0;0.0
07;05;0003;00000000;0705000300000000;Chanakya Puri;62555;705000000000000.0;7;5;3;0;0;0;TEHSIL;Chanakya Puri;Total;17503;74994;41749;33245;9237;4866;4371;18730;10292;8438;0;0;0;54059;32495;21564;20935;9254;11681;28085;23133;4952;26560;21989;4571;58;46;12;28;15;13;504;361;143;25970;21567;4403;1525;1144;381;5;2;3;7;1;6;26;11;15;1487;1130;357;46909;18616;28293;0;0;0;0;0;;0;0;0;0;0;0;0;0;0;0;0;0;0;0;0;0;0;0;0;0;0;0;0;0;0;0;0;0;0;0;0;0;0;0;0;0;0;0;0;0;0;0;0;0;0;0;0;0;0;0;0;0;0;0;0;0;0;0;0;0;0;;0;;0;0;0;0;0;0;0;0;0;0;0;0;0;0;0;0;0;0;0;0;0;0;0;0;0;0;0;0;0;0;0;0;0;0;0;0;0;0;0;;0;0;0;0;0;0;0;;;0;0;0;;;;0;0;0;0;0.0;0;0;0;0;0;0;0;0.0;0.0;0;0.0
07;09;0001;00000000;0709000100000000;Defence Colony;62556;709000000000000.0;7;9;1;0;0;0;TEHSIL;Defence Colony;Total;124126;610076;336158;273918;75938;40285;35653;68856;37256;31600;0;0;0;451121;261941;189180;158955;74217;84738;218384;181479;36905;210365;175396;34969;294;242;52;407;314;93;4005;3505;500;205659;171335;34324;8019;6083;1936;15;5;10;69;42;27;262;160;102;7673;5876;1797;391692;154679;237013;0;0;0;0;0;;0;0;0;0;0;0;0;0;0;0;0;0;0;0;0;0;0;0;0;0;0;0;0;0;0;0;0;0;0;0;0;0;0;0;0;0;0;0;0;0;0;0;0;0;0;0;0;0;0;0;0;0;0;0;0;0;0;0;0;0;0;;0;;0;0;0;0;0;0;0;0;0;0;0;0;0;0;0;0;0;0;0;0;0;0;0;0;0;0;0;0;0;0;0;0;0;0;0;0;0;0;0;;0;0;0;0;0;0;0;;;0;0;0;;;;0;0;0;0;0.0;0;0;0;0;0;0;0;0.0;0.0;0;0.0
07;08;0003;00000000;0708000300000000;Vasant Vihar;62557;708000000000000.0;7;8;3;0;0;0;TEHSIL;Vasant Vihar;Total;120307;536243;298554;237689;69874;37577;32297;81849;44680;37169;0;0;0;394530;235034;159496;141713;63520;78193;196072;160895;35177;188238;155118;33120;979;809;170;506;390;116;2333;1862;471;184420;152057;32363;7834;5777;2057;93;52;41;153;113;40;271;125;146;7317;5487;1830;340171;137659;202512;0;0;0;0;0;;0;0;0;0;0;0;0;0;0;0;0;0;0;0;0;0;0;0;0;0;0;0;0;0;0;0;0;0;0;0;0;0;0;0;0;0;0;0;0;0;0;0;0;0;0;0;0;0;0;0;0;0;0;0;0;0;0;0;0;0;0;;0;;0;0;0;0;0;0;0;0;0;0;0;0;0;0;0;0;0;0;0;0;0;0;0;0;0;0;0;0;0;0;0;0;0;0;0;0;0;0;0;;0;0;0;0;0;0;0;;;0;0;0;;;;0;0;0;0;0.0;0;0;0;0;0;0;0;0.0;0.0;0;0.0
07;09;0002;00000000;0709000200000000;Hauz Khas;62558;709000000000000.0;7;9;2;0;0;0;TEHSIL;Hauz Khas;Total;207787;1032570;571780;460790;153542;81577;71965;192584;103001;89583;0;0;0;721915;435466;286449;310655;136314;174341;349050;299582;49468;328829;283940;44889;926;801;125;377;297;80;5900;4999;901;321626;277843;43783;20221;15642;4579;69;23;46;87;61;26;623;271;352;19442;15287;4155;683520;272198;411322;0;0;0;0;0;;0;0;0;0;0;0;0;0;0;0;0;0;0;0;0;0;0;0;0;0;0;0;0;0;0;0;0;0;0;0;0;0;0;0;0;0;0;0;0;0;0;0;0;0;0;0;0;0;0;0;0;0;0;0;0;0;0;0;0;0;0;;0;;0;0;0;0;0;0;0;0;0;0;0;0;0;0;0;0;0;0;0;0;0;0;0;0;0;0;0;0;0;0;0;0;0;0;0;0;0;0;0;;0;0;0;0;0;0;0;;;0;0;0;;;;0;0;0;0;0.0;0;0;0;0;0;0;0;0.0;0.0;0;0.0
07;09;0003;00000000;0709000300000000;Kalkaji;62559;709000000000000.0;7;9;3;0;0;0;TEHSIL;Kalkaji;Total;134531;624377;352087;272290;105461;55579;49882;92818;51384;41434;0;0;0;410504;258031;152473;213873;94056;119817;211124;187598;23526;199979;179015;20964;664;568;96;736;525;211;4210;3479;731;194369;174443;19926;11145;8583;2562;38;22;16;66;50;16;411;180;231;10630;8331;2299;413253;164489;248764;0;0;0;0;0;;0;0;0;0;0;0;0;0;0;0;0;0;0;0;0;0;0;0;0;0;0;0;0;0;0;0;0;0;0;0;0;0;0;0;0;0;0;0;0;0;0;0;0;0;0;0;0;0;0;0;0;0;0;0;0;0;0;0;0;0;0;;0;;0;0;0;0;0;0;0;0;0;0;0;0;0;0;0;0;0;0;0;0;0;0;0;0;0;0;0;0;0;0;0;0;0;0;0;0;0;0;0;;0;0;0;0;0;0;0;;;0;0;0;;;;0;0;0;0;0.0;0;0;0;0;0;0;0;0.0;0.0;0;0.0
07;08;0001;00000000;0708000100000000;Najafgarh;62560;708000000000000.0;7;8;1;0;0;0;TEHSIL;Najafgarh;Total;178703;911500;503543;407957;140637;76387;64250;119243;64478;54765;0;0;0;641256;385727;255529;270244;117816;152428;282756;251075;31681;262536;237388;25148;9421;7116;2305;1141;926;215;6790;5444;1346;245184;223902;21282;20220;13687;6533;3464;1278;2186;1641;980;661;953;441;512;14162;10988;3174;628744;252468;376276;0;0;0;0;0;;0;0;0;0;0;0;0;0;0;0;0;0;0;0;0;0;0;0;0;0;0;0;0;0;0;0;0;0;0;0;0;0;0;0;0;0;0;0;0;0;0;0;0;0;0;0;0;0;0;0;0;0;0;0;0;0;0;0;0;0;0;;0;;0;0;0;0;0;0;0;0;0;0;0;0;0;0;0;0;0;0;0;0;0;0;0;0;0;0;0;0;0;0;0;0;0;0;0;0;0;0;0;;0;0;0;0;0;0;0;;;0;0;0;;;;0;0;0;0;0.0;0;0;0;0;0;0;0;0.0;0.0;0;0.0
25;01;0001;00000000;2501000100000000;DIU;507228;2501000000000000.0;25;1;1;0;0;0;TALUK;Diu;Total;9241;44215;20878;23337;7554;3855;3699;1773;871;902;116;62;54;26167;14366;11801;18048;6512;11536;13862;9375;4487;11404;8973;2431;940;382;558;53;15;38;315;167;148;10096;8409;1687;2458;402;2056;571;61;510;547;35;512;545;7;538;795;299;496;30353;11503;18850;0;0;0;0;0;;0;0;0;0;0;0;0;0;0;0;0;0;0;0;0;0;0;0;0;0;0;0;0;0;0;0;0;0;0;0;0;0;0;0;0;0;0;0;0;0;0;0;0;0;0;0;0;0;0;0;0;0;0;0;0;0;0;0;0;0;0;;0;;0;0;0;0;0;0;0;0;0;0;0;0;0;0;0;0;0;0;0;0;0;0;0;0;0;0;0;0;0;0;0;0;0;0;0;0;0;0;0;;0;0;0;0;0;0;0;;;0;0;0;;;;0;0;0;0;0.0;0;0;0;0;0;0;0;0.0;0.0;0;0.0
25;02;0001;00000000;2502000100000000;DAMAN;507229;2502000000000000.0;25;2;1;0;0;0;TALUK;Daman;Total;26445;113989;71634;42355;13024;6830;6194;3065;1627;1438;13881;7128;6753;81433;56626;24807;32556;15008;17548;58929;51194;7735;56118;49901;6217;1803;1439;364;392;248;144;279;199;80;53644;48015;5629;2811;1293;1518;720;126;594;331;49;282;41;8;33;1719;1110;609;55060;20440;34620;0;0;0;0;0;;0;0;0;0;0;0;0;0;0;0;0;0;0;0;0;0;0;0;0;0;0;0;0;0;0;0;0;0;0;0;0;0;0;0;0;0;0;0;0;0;0;0;0;0;0;0;0;0;0;0;0;0;0;0;0;0;0;0;0;0;0;;0;;0;0;0;0;0;0;0;0;0;0;0;0;0;0;0;0;0;0;0;0;0;0;0;0;0;0;0;0;0;0;0;0;0;0;0;0;0;0;0;;0;0;0;0;0;0;0;;;0;0;0;;;;0;0;0;0;0.0;0;0;0;0;0;0;0;0.0;0.0;0;0.0
26;01;0001;00000000;2601000100000000;DADRA & NAGAR HAVELI;507230;2601000000000000.0;26;1;1;0;0;0;TALUK;Dadra & Nagar Haveli;Total;45586;220490;121666;98824;40199;20308;19891;4104;2159;1945;137225;67663;69562;103904;72149;31755;116586;49517;67069;114122;75835;38287;96184;71156;25028;32287;16591;15696;6945;3514;3431;691;447;244;56261;50604;5657;17938;4679;13259;7183;1481;5702;7770;1915;5855;159;45;114;2826;1238;1588;106368;45831;60537;0;0;0;0;0;;0;0;0;0;0;0;0;0;0;0;0;0;0;0;0;0;0;0;0;0;0;0;0;0;0;0;0;0;0;0;0;0;0;0;0;0;0;0;0;0;0;0;0;0;0;0;0;0;0;0;0;0;0;0;0;0;0;0;0;0;0;;0;;0;0;0;0;0;0;0;0;0;0;0;0;0;0;0;0;0;0;0;0;0;0;0;0;0;0;0;0;0;0;0;0;0;0;0;0;0;0;0;;0;0;0;0;0;0;0;;;0;0;0;;;;0;0;0;0;0.0;0;0;0;0;0;0;0;0.0;0.0;0;0.0
31;01;0001;00000000;3101000100000000;Amini;608040;3101000000000000.0;31;1;1;0;0;0;SUB DIVISION;Amini;Total;3316;18914;9604;9310;3099;1601;1498;0;0;0;18421;9255;9166;13285;7219;6066;5629;2385;3244;4482;3864;618;3180;2761;419;0;0;0;0;0;0;29;27;2;3151;2734;417;1302;1103;199;0;0;0;0;0;0;252;217;35;1050;886;164;14432;5740;8692;0;0;0;0;0;;0;0;0;0;0;0;0;0;0;0;0;0;0;0;0;0;0;0;0;0;0;0;0;0;0;0;0;0;0;0;0;0;0;0;0;0;0;0;0;0;0;0;0;0;0;0;0;0;0;0;0;0;0;0;0;0;0;0;0;0;0;;0;;0;0;0;0;0;0;0;0;0;0;0;0;0;0;0;0;0;0;0;0;0;0;0;0;0;0;0;0;0;0;0;0;0;0;0;0;0;0;0;;0;0;0;0;0;0;0;;;0;0;0;;;;0;0;0;0;0.0;0;0;0;0;0;0;0;0.0;0.0;0;0.0
31;01;0001;00000000;3101000100000000;Amini;608041;3101000000000000.0;31;1;1;0;0;0;SUB DIVISION;Amini;Total;3316;18914;9604;9310;3099;1601;1498;0;0;0;18421;9255;9166;13285;7219;6066;5629;2385;3244;4482;3864;618;3180;2761;419;0;0;0;0;0;0;29;27;2;3151;2734;417;1302;1103;199;0;0;0;0;0;0;252;217;35;1050;886;164;14432;5740;8692;0;0;0;0;0;;0;0;0;0;0;0;0;0;0;0;0;0;0;0;0;0;0;0;0;0;0;0;0;0;0;0;0;0;0;0;0;0;0;0;0;0;0;0;0;0;0;0;0;0;0;0;0;0;0;0;0;0;0;0;0;0;0;0;0;0;0;;0;;0;0;0;0;0;0;0;0;0;0;0;0;0;0;0;0;0;0;0;0;0;0;0;0;0;0;0;0;0;0;0;0;0;0;0;0;0;0;0;;0;0;0;0;0;0;0;;;0;0;0;;;;0;0;0;0;0.0;0;0;0;0;0;0;0;0.0;0.0;0;0.0
31;01;0001;00000000;3101000100000000;Amini;608042;3101000000000000.0;31;1;1;0;0;0;SUB DIVISION;Amini;Total;3316;18914;9604;9310;3099;1601;1498;0;0;0;18421;9255;9166;13285;7219;6066;5629;2385;3244;4482;3864;618;3180;2761;419;0;0;0;0;0;0;29;27;2;3151;2734;417;1302;1103;199;0;0;0;0;0;0;252;217;35;1050;886;164;14432;5740;8692;0;0;0;0;0;;0;0;0;0;0;0;0;0;0;0;0;0;0;0;0;0;0;0;0;0;0;0;0;0;0;0;0;0;0;0;0;0;0;0;0;0;0;0;0;0;0;0;0;0;0;0;0;0;0;0;0;0;0;0;0;0;0;0;0;0;0;;0;;0;0;0;0;0;0;0;0;0;0;0;0;0;0;0;0;0;0;0;0;0;0;0;0;0;0;0;0;0;0;0;0;0;0;0;0;0;0;0;;0;0;0;0;0;0;0;;;0;0;0;;;;0;0;0;0;0.0;0;0;0;0;0;0;0;0.0;0.0;0;0.0
31;01;0001;00000000;3101000100000000;Amini;608043;3101000000000000.0;31;1;1;0;0;0;SUB DIVISION;Amini;Total;3316;18914;9604;9310;3099;1601;1498;0;0;0;18421;9255;9166;13285;7219;6066;5629;2385;3244;4482;3864;618;3180;2761;419;0;0;0;0;0;0;29;27;2;3151;2734;417;1302;1103;199;0;0;0;0;0;0;252;217;35;1050;886;164;14432;5740;8692;0;0;0;0;0;;0;0;0;0;0;0;0;0;0;0;0;0;0;0;0;0;0;0;0;0;0;0;0;0;0;0;0;0;0;0;0;0;0;0;0;0;0;0;0;0;0;0;0;0;0;0;0;0;0;0;0;0;0;0;0;0;0;0;0;0;0;;0;;0;0;0;0;0;0;0;0;0;0;0;0;0;0;0;0;0;0;0;0;0;0;0;0;0;0;0;0;0;0;0;0;0;0;0;0;0;0;0;;0;0;0;0;0;0;0;;;0;0;0;;;;0;0;0;0;0.0;0;0;0;0;0;0;0;0.0;0.0;0;0.0
31;01;0001;00000000;3101000100000000;Amini;608044;3101000000000000.0;31;1;1;0;0;0;SUB DIVISION;Amini;Total;3316;18914;9604;9310;3099;1601;1498;0;0;0;18421;9255;9166;13285;7219;6066;5629;2385;3244;4482;3864;618;3180;2761;419;0;0;0;0;0;0;29;27;2;3151;2734;417;1302;1103;199;0;0;0;0;0;0;252;217;35;1050;886;164;14432;5740;8692;0;0;0;0;0;;0;0;0;0;0;0;0;0;0;0;0;0;0;0;0;0;0;0;0;0;0;0;0;0;0;0;0;0;0;0;0;0;0;0;0;0;0;0;0;0;0;0;0;0;0;0;0;0;0;0;0;0;0;0;0;0;0;0;0;0;0;;0;;0;0;0;0;0;0;0;0;0;0;0;0;0;0;0;0;0;0;0;0;0;0;0;0;0;0;0;0;0;0;0;0;0;0;0;0;0;0;0;;0;0;0;0;0;0;0;;;0;0;0;;;;0;0;0;0;0.0;0;0;0;0;0;0;0;0.0;0.0;0;0.0
31;01;0002;00000000;3101000200000000;Kavaratti;608045;3101000000000000.0;31;1;2;0;0;0;SUB DIVISION;Kavaratti;Total;2879;17193;9275;7918;2514;1304;1210;0;0;0;15844;8260;7584;12904;7463;5441;4289;1812;2477;5307;4613;694;4084;3651;433;0;0;0;0;0;0;47;38;9;4037;3613;424;1223;962;261;0;0;0;0;0;0;275;110;165;948;852;96;11886;4662;7224;0;0;0;0;0;;0;0;0;0;0;0;0;0;0;0;0;0;0;0;0;0;0;0;0;0;0;0;0;0;0;0;0;0;0;0;0;0;0;0;0;0;0;0;0;0;0;0;0;0;0;0;0;0;0;0;0;0;0;0;0;0;0;0;0;0;0;;0;;0;0;0;0;0;0;0;0;0;0;0;0;0;0;0;0;0;0;0;0;0;0;0;0;0;0;0;0;0;0;0;0;0;0;0;0;0;0;0;;0;0;0;0;0;0;0;;;0;0;0;;;;0;0;0;0;0.0;0;0;0;0;0;0;0;0.0;0.0;0;0.0
31;01;0002;00000000;3101000200000000;Kavaratti;608046;3101000000000000.0;31;1;2;0;0;0;SUB DIVISION;Kavaratti;Total;2879;17193;9275;7918;2514;1304;1210;0;0;0;15844;8260;7584;12904;7463;5441;4289;1812;2477;5307;4613;694;4084;3651;433;0;0;0;0;0;0;47;38;9;4037;3613;424;1223;962;261;0;0;0;0;0;0;275;110;165;948;852;96;11886;4662;7224;0;0;0;0;0;;0;0;0;0;0;0;0;0;0;0;0;0;0;0;0;0;0;0;0;0;0;0;0;0;0;0;0;0;0;0;0;0;0;0;0;0;0;0;0;0;0;0;0;0;0;0;0;0;0;0;0;0;0;0;0;0;0;0;0;0;0;;0;;0;0;0;0;0;0;0;0;0;0;0;0;0;0;0;0;0;0;0;0;0;0;0;0;0;0;0;0;0;0;0;0;0;0;0;0;0;0;0;;0;0;0;0;0;0;0;;;0;0;0;;;;0;0;0;0;0.0;0;0;0;0;0;0;0;0.0;0.0;0;0.0
31;01;0002;00000000;3101000200000000;Kavaratti;608047;3101000000000000.0;31;1;2;0;0;0;SUB DIVISION;Kavaratti;Total;2879;17193;9275;7918;2514;1304;1210;0;0;0;15844;8260;7584;12904;7463;5441;4289;1812;2477;5307;4613;694;4084;3651;433;0;0;0;0;0;0;47;38;9;4037;3613;424;1223;962;261;0;0;0;0;0;0;275;110;165;948;852;96;11886;4662;7224;0;0;0;0;0;;0;0;0;0;0;0;0;0;0;0;0;0;0;0;0;0;0;0;0;0;0;0;0;0;0;0;0;0;0;0;0;0;0;0;0;0;0;0;0;0;0;0;0;0;0;0;0;0;0;0;0;0;0;0;0;0;0;0;0;0;0;;0;;0;0;0;0;0;0;0;0;0;0;0;0;0;0;0;0;0;0;0;0;0;0;0;0;0;0;0;0;0;0;0;0;0;0;0;0;0;0;0;;0;0;0;0;0;0;0;;;0;0;0;;;;0;0;0;0;0.0;0;0;0;0;0;0;0;0.0;0.0;0;0.0
31;01;0003;00000000;3101000300000000;Andrott;608048;3101000000000000.0;31;1;3;0;0;0;SUB DIVISION;Andrott;Total;2444;15048;7635;7413;2325;1150;1175;0;0;0;14223;6998;7225;10732;5984;4748;4316;1651;2665;3363;2927;436;2542;2229;313;0;0;0;0;0;0;21;18;3;2521;2211;310;821;698;123;0;0;0;0;0;0;116;103;13;705;595;110;11685;4708;6977;0;0;0;0;0;;0;0;0;0;0;0;0;0;0;0;0;0;0;0;0;0;0;0;0;0;0;0;0;0;0;0;0;0;0;0;0;0;0;0;0;0;0;0;0;0;0;0;0;0;0;0;0;0;0;0;0;0;0;0;0;0;0;0;0;0;0;;0;;0;0;0;0;0;0;0;0;0;0;0;0;0;0;0;0;0;0;0;0;0;0;0;0;0;0;0;0;0;0;0;0;0;0;0;0;0;0;0;;0;0;0;0;0;0;0;;;0;0;0;;;;0;0;0;0;0.0;0;0;0;0;0;0;0;0.0;0.0;0;0.0
31;01;0002;00000000;3101000200000000;Kavaratti;608049;3101000000000000.0;31;1;2;0;0;0;SUB DIVISION;Kavaratti;Total;2879;17193;9275;7918;2514;1304;1210;0;0;0;15844;8260;7584;12904;7463;5441;4289;1812;2477;5307;4613;694;4084;3651;433;0;0;0;0;0;0;47;38;9;4037;3613;424;1223;962;261;0;0;0;0;0;0;275;110;165;948;852;96;11886;4662;7224;0;0;0;0;0;;0;0;0;0;0;0;0;0;0;0;0;0;0;0;0;0;0;0;0;0;0;0;0;0;0;0;0;0;0;0;0;0;0;0;0;0;0;0;0;0;0;0;0;0;0;0;0;0;0;0;0;0;0;0;0;0;0;0;0;0;0;;0;;0;0;0;0;0;0;0;0;0;0;0;0;0;0;0;0;0;0;0;0;0;0;0;0;0;0;0;0;0;0;0;0;0;0;0;0;0;0;0;;0;0;0;0;0;0;0;;;0;0;0;;;;0;0;0;0;0.0;0;0;0;0;0;0;0;0.0;0.0;0;0.0
31;01;0002;00000000;3101000200000000;Kavaratti;608050;3101000000000000.0;31;1;2;0;0;0;SUB DIVISION;Kavaratti;Total;2879;17193;9275;7918;2514;1304;1210;0;0;0;15844;8260;7584;12904;7463;5441;4289;1812;2477;5307;4613;694;4084;3651;433;0;0;0;0;0;0;47;38;9;4037;3613;424;1223;962;261;0;0;0;0;0;0;275;110;165;948;852;96;11886;4662;7224;0;0;0;0;0;;0;0;0;0;0;0;0;0;0;0;0;0;0;0;0;0;0;0;0;0;0;0;0;0;0;0;0;0;0;0;0;0;0;0;0;0;0;0;0;0;0;0;0;0;0;0;0;0;0;0;0;0;0;0;0;0;0;0;0;0;0;;0;;0;0;0;0;0;0;0;0;0;0;0;0;0;0;0;0;0;0;0;0;0;0;0;0;0;0;0;0;0;0;0;0;0;0;0;0;0;0;0;;0;0;0;0;0;0;0;;;0;0;0;;;;0;0;0;0;0.0;0;0;0;0;0;0;0;0.0;0.0;0;0.0
31;01;0003;00000000;3101000300000000;Andrott;608051;3101000000000000.0;31;1;3;0;0;0;SUB DIVISION;Andrott;Total;2444;15048;7635;7413;2325;1150;1175;0;0;0;14223;6998;7225;10732;5984;4748;4316;1651;2665;3363;2927;436;2542;2229;313;0;0;0;0;0;0;21;18;3;2521;2211;310;821;698;123;0;0;0;0;0;0;116;103;13;705;595;110;11685;4708;6977;0;0;0;0;0;;0;0;0;0;0;0;0;0;0;0;0;0;0;0;0;0;0;0;0;0;0;0;0;0;0;0;0;0;0;0;0;0;0;0;0;0;0;0;0;0;0;0;0;0;0;0;0;0;0;0;0;0;0;0;0;0;0;0;0;0;0;;0;;0;0;0;0;0;0;0;0;0;0;0;0;0;0;0;0;0;0;0;0;0;0;0;0;0;0;0;0;0;0;0;0;0;0;0;0;0;0;0;;0;0;0;0;0;0;0;;;0;0;0;;;;0;0;0;0;0.0;0;0;0;0;0;0;0;0.0;0.0;0;0.0
31;01;0003;00000000;3101000300000000;Andrott;608052;3101000000000000.0;31;1;3;0;0;0;SUB DIVISION;Andrott;Total;2444;15048;7635;7413;2325;1150;1175;0;0;0;14223;6998;7225;10732;5984;4748;4316;1651;2665;3363;2927;436;2542;2229;313;0;0;0;0;0;0;21;18;3;2521;2211;310;821;698;123;0;0;0;0;0;0;116;103;13;705;595;110;11685;4708;6977;0;0;0;0;0;;0;0;0;0;0;0;0;0;0;0;0;0;0;0;0;0;0;0;0;0;0;0;0;0;0;0;0;0;0;0;0;0;0;0;0;0;0;0;0;0;0;0;0;0;0;0;0;0;0;0;0;0;0;0;0;0;0;0;0;0;0;;0;;0;0;0;0;0;0;0;0;0;0;0;0;0;0;0;0;0;0;0;0;0;0;0;0;0;0;0;0;0;0;0;0;0;0;0;0;0;0;0;;0;0;0;0;0;0;0;;;0;0;0;;;;0;0;0;0;0.0;0;0;0;0;0;0;0;0.0;0.0;0;0.0
31;01;0004;00000000;3101000400000000;Minicoy;608053;3101000000000000.0;31;1;4;0;0;0;SUB DIVISION;Minicoy;Total;1354;9495;4617;4878;1153;586;567;0;0;0;8833;4098;4735;7762;3845;3917;1733;772;961;2202;1800;402;1904;1647;257;0;0;0;0;0;0;58;16;42;1846;1631;215;298;153;145;0;0;0;0;0;0;104;8;96;194;145;49;7293;2817;4476;0;0;0;0;0;;0;0;0;0;0;0;0;0;0;0;0;0;0;0;0;0;0;0;0;0;0;0;0;0;0;0;0;0;0;0;0;0;0;0;0;0;0;0;0;0;0;0;0;0;0;0;0;0;0;0;0;0;0;0;0;0;0;0;0;0;0;;0;;0;0;0;0;0;0;0;0;0;0;0;0;0;0;0;0;0;0;0;0;0;0;0;0;0;0;0;0;0;0;0;0;0;0;0;0;0;0;0;;0;0;0;0;0;0;0;;;0;0;0;;;;0;0;0;0;0.0;0;0;0;0;0;0;0;0.0;0.0;0;0.0
34;02;0001;00000000;3402000100000000;Yanam;627175;3402000000000000.0;34;2;1;0;0;0;COMMUNUE PANCHAYAT;Mannadipet Commune Panchayat;Total;13548;61488;30937;30551;8157;4116;4041;16998;8402;8596;0;0;0;37973;21850;16123;23515;9087;14428;26066;17260;8806;23530;16147;7383;2395;2083;312;12029;6675;5354;409;225;184;8697;7164;1533;2536;1113;1423;49;33;16;2034;810;1224;50;10;40;403;260;143;35422;13677;21745;0;0;0;0;0;;0;0;0;0;0;0;0;0;0;0;0;0;0;0;0;0;0;0;0;0;0;0;0;0;0;0;0;0;0;0;0;0;0;0;0;0;0;0;0;0;0;0;0;0;0;0;0;0;0;0;0;0;0;0;0;0;0;0;0;0;0;;0;;0;0;0;0;0;0;0;0;0;0;0;0;0;0;0;0;0;0;0;0;0;0;0;0;0;0;0;0;0;0;0;0;0;0;0;0;0;0;0;;0;0;0;0;0;0;0;;;0;0;0;;;;0;0;0;0;0.0;0;0;0;0;0;0;0;0.0;0.0;0;0.0
34;02;0000;40201000;3402000040201000;OZHUKARAI MUNICIPALITY;627176;3402000000000000.0;34;2;0;40201000;0;0;TOWN;Ozhukarai (M);Urban;48830;217707;110042;107665;24624;12476;12148;21924;10960;10964;0;0;0;165501;90002;75499;52206;20040;32166;74809;58924;15885;71357;56894;14463;527;472;55;1773;1182;591;1330;756;574;67727;54484;13243;3452;2030;1422;11;6;5;616;295;321;250;82;168;2575;1647;928;142898;51118;91780;0;0;0;0;0;;0;0;0;0;0;0;0;0;0;0;0;0;0;0;0;0;0;0;0;0;0;0;0;0;0;0;0;0;0;0;0;0;0;0;0;0;0;0;0;0;0;0;0;0;0;0;0;0;0;0;0;0;0;0;0;0;0;0;0;0;0;;0;;0;0;0;0;0;0;0;0;0;0;0;0;0;0;0;0;0;0;0;0;0;0;0;0;0;0;0;0;0;0;0;0;0;0;0;0;0;0;0;;0;0;0;0;0;0;0;;;0;0;0;;;;0;0;0;0;0.0;0;0;0;0;0;0;0;0.0;0.0;0;0.0
34;02;0001;00000000;3402000100000000;Mannadipet Commune Panchayat;627177;3402000000000000.0;34;2;1;0;0;0;COMMUNUE PANCHAYAT;Mannadipet Commune Panchayat;Total;13548;61488;30937;30551;8157;4116;4041;16998;8402;8596;0;0;0;37973;21850;16123;23515;9087;14428;26066;17260;8806;23530;16147;7383;2395;2083;312;12029;6675;5354;409;225;184;8697;7164;1533;2536;1113;1423;49;33;16;2034;810;1224;50;10;40;403;260;143;35422;13677;21745;0;0;0;0;0;;0;0;0;0;0;0;0;0;0;0;0;0;0;0;0;0;0;0;0;0;0;0;0;0;0;0;0;0;0;0;0;0;0;0;0;0;0;0;0;0;0;0;0;0;0;0;0;0;0;0;0;0;0;0;0;0;0;0;0;0;0;;0;;0;0;0;0;0;0;0;0;0;0;0;0;0;0;0;0;0;0;0;0;0;0;0;0;0;0;0;0;0;0;0;0;0;0;0;0;0;0;0;;0;0;0;0;0;0;0;;;0;0;0;;;;0;0;0;0;0.0;0;0;0;0;0;0;0;0.0;0.0;0;0.0
34;02;0001;00000000;3402000100000000;Mannadipet Commune Panchayat;627178;3402000000000000.0;34;2;1;0;0;0;COMMUNUE PANCHAYAT;Mannadipet Commune Panchayat;Total;13548;61488;30937;30551;8157;4116;4041;16998;8402;8596;0;0;0;37973;21850;16123;23515;9087;14428;26066;17260;8806;23530;16147;7383;2395;2083;312;12029;6675;5354;409;225;184;8697;7164;1533;2536;1113;1423;49;33;16;2034;810;1224;50;10;40;403;260;143;35422;13677;21745;0;0;0;0;0;;0;0;0;0;0;0;0;0;0;0;0;0;0;0;0;0;0;0;0;0;0;0;0;0;0;0;0;0;0;0;0;0;0;0;0;0;0;0;0;0;0;0;0;0;0;0;0;0;0;0;0;0;0;0;0;0;0;0;0;0;0;;0;;0;0;0;0;0;0;0;0;0;0;0;0;0;0;0;0;0;0;0;0;0;0;0;0;0;0;0;0;0;0;0;0;0;0;0;0;0;0;0;;0;0;0;0;0;0;0;;;0;0;0;;;;0;0;0;0;0.0;0;0;0;0;0;0;0;0.0;0.0;0;0.0
34;02;0000;40201000;3402000040201000;OZHUKARAI MUNICIPALITY;627179;3402000000000000.0;34;2;0;40201000;0;0;TOWN;Ozhukarai (M);Urban;48830;217707;110042;107665;24624;12476;12148;21924;10960;10964;0;0;0;165501;90002;75499;52206;20040;32166;74809;58924;15885;71357;56894;14463;527;472;55;1773;1182;591;1330;756;574;67727;54484;13243;3452;2030;1422;11;6;5;616;295;321;250;82;168;2575;1647;928;142898;51118;91780;0;0;0;0;0;;0;0;0;0;0;0;0;0;0;0;0;0;0;0;0;0;0;0;0;0;0;0;0;0;0;0;0;0;0;0;0;0;0;0;0;0;0;0;0;0;0;0;0;0;0;0;0;0;0;0;0;0;0;0;0;0;0;0;0;0;0;;0;;0;0;0;0;0;0;0;0;0;0;0;0;0;0;0;0;0;0;0;0;0;0;0;0;0;0;0;0;0;0;0;0;0;0;0;0;0;0;0;;0;0;0;0;0;0;0;;;0;0;0;;;;0;0;0;0;0.0;0;0;0;0;0;0;0;0.0;0.0;0;0.0
34;02;0002;00000000;3402000200000000;Villianur Commune Panchayat;627180;3402000000000000.0;34;2;2;0;0;0;COMMUNUE PANCHAYAT;Villianur Commune Panchayat;Total;19626;88842;44959;43883;11562;5932;5630;20062;9982;10080;0;0;0;58232;33012;25220;30610;11947;18663;32957;24203;8754;29195;22133;7062;1397;1295;102;9190;5731;3459;415;243;172;18193;14864;3329;3762;2070;1692;47;36;11;2324;1113;1211;97;24;73;1294;897;397;55885;20756;35129;0;0;0;0;0;;0;0;0;0;0;0;0;0;0;0;0;0;0;0;0;0;0;0;0;0;0;0;0;0;0;0;0;0;0;0;0;0;0;0;0;0;0;0;0;0;0;0;0;0;0;0;0;0;0;0;0;0;0;0;0;0;0;0;0;0;0;;0;;0;0;0;0;0;0;0;0;0;0;0;0;0;0;0;0;0;0;0;0;0;0;0;0;0;0;0;0;0;0;0;0;0;0;0;0;0;0;0;;0;0;0;0;0;0;0;;;0;0;0;;;;0;0;0;0;0.0;0;0;0;0;0;0;0;0.0;0.0;0;0.0
34;02;0001;00000000;3402000100000000;Mannadipet Commune Panchayat;627181;3402000000000000.0;34;2;1;0;0;0;COMMUNUE PANCHAYAT;Mannadipet Commune Panchayat;Total;13548;61488;30937;30551;8157;4116;4041;16998;8402;8596;0;0;0;37973;21850;16123;23515;9087;14428;26066;17260;8806;23530;16147;7383;2395;2083;312;12029;6675;5354;409;225;184;8697;7164;1533;2536;1113;1423;49;33;16;2034;810;1224;50;10;40;403;260;143;35422;13677;21745;0;0;0;0;0;;0;0;0;0;0;0;0;0;0;0;0;0;0;0;0;0;0;0;0;0;0;0;0;0;0;0;0;0;0;0;0;0;0;0;0;0;0;0;0;0;0;0;0;0;0;0;0;0;0;0;0;0;0;0;0;0;0;0;0;0;0;;0;;0;0;0;0;0;0;0;0;0;0;0;0;0;0;0;0;0;0;0;0;0;0;0;0;0;0;0;0;0;0;0;0;0;0;0;0;0;0;0;;0;0;0;0;0;0;0;;;0;0;0;;;;0;0;0;0;0.0;0;0;0;0;0;0;0;0.0;0.0;0;0.0
34;02;0000;40201000;3402000040201000;OZHUKARAI MUNICIPALITY;627182;3402000000000000.0;34;2;0;40201000;0;0;TOWN;Ozhukarai (M);Urban;48830;217707;110042;107665;24624;12476;12148;21924;10960;10964;0;0;0;165501;90002;75499;52206;20040;32166;74809;58924;15885;71357;56894;14463;527;472;55;1773;1182;591;1330;756;574;67727;54484;13243;3452;2030;1422;11;6;5;616;295;321;250;82;168;2575;1647;928;142898;51118;91780;0;0;0;0;0;;0;0;0;0;0;0;0;0;0;0;0;0;0;0;0;0;0;0;0;0;0;0;0;0;0;0;0;0;0;0;0;0;0;0;0;0;0;0;0;0;0;0;0;0;0;0;0;0;0;0;0;0;0;0;0;0;0;0;0;0;0;;0;;0;0;0;0;0;0;0;0;0;0;0;0;0;0;0;0;0;0;0;0;0;0;0;0;0;0;0;0;0;0;0;0;0;0;0;0;0;0;0;;0;0;0;0;0;0;0;;;0;0;0;;;;0;0;0;0;0.0;0;0;0;0;0;0;0;0.0;0.0;0;0.0
34;02;0001;00000000;3402000100000000;Mannadipet Commune Panchayat;627183;3402000000000000.0;34;2;1;0;0;0;COMMUNUE PANCHAYAT;Mannadipet Commune Panchayat;Total;13548;61488;30937;30551;8157;4116;4041;16998;8402;8596;0;0;0;37973;21850;16123;23515;9087;14428;26066;17260;8806;23530;16147;7383;2395;2083;312;12029;6675;5354;409;225;184;8697;7164;1533;2536;1113;1423;49;33;16;2034;810;1224;50;10;40;403;260;143;35422;13677;21745;0;0;0;0;0;;0;0;0;0;0;0;0;0;0;0;0;0;0;0;0;0;0;0;0;0;0;0;0;0;0;0;0;0;0;0;0;0;0;0;0;0;0;0;0;0;0;0;0;0;0;0;0;0;0;0;0;0;0;0;0;0;0;0;0;0;0;;0;;0;0;0;0;0;0;0;0;0;0;0;0;0;0;0;0;0;0;0;0;0;0;0;0;0;0;0;0;0;0;0;0;0;0;0;0;0;0;0;;0;0;0;0;0;0;0;;;0;0;0;;;;0;0;0;0;0.0;0;0;0;0;0;0;0;0.0;0.0;0;0.0
34;02;0000;40202000;3402000040202000;PONDICHERRY MUNICIPALITY;627184;3402000000000000.0;34;2;0;40202000;0;0;TOWN;Pondicherry (M);Urban;49423;220865;109389;111476;24310;12343;11967;23653;11499;12154;0;0;0;168060;89306;78754;52805;20083;32722;74277;57770;16507;71108;55741;15367;310;292;18;1065;698;367;1166;571;595;68567;54180;14387;3169;2029;1140;16;10;6;145;57;88;173;32;141;2835;1930;905;146588;51619;94969;0;0;0;0;0;;0;0;0;0;0;0;0;0;0;0;0;0;0;0;0;0;0;0;0;0;0;0;0;0;0;0;0;0;0;0;0;0;0;0;0;0;0;0;0;0;0;0;0;0;0;0;0;0;0;0;0;0;0;0;0;0;0;0;0;0;0;;0;;0;0;0;0;0;0;0;0;0;0;0;0;0;0;0;0;0;0;0;0;0;0;0;0;0;0;0;0;0;0;0;0;0;0;0;0;0;0;0;;0;0;0;0;0;0;0;;;0;0;0;;;;0;0;0;0;0.0;0;0;0;0;0;0;0;0.0;0.0;0;0.0
34;02;0003;00000000;3402000300000000;Ariankuppam Commune Panchayat;627185;3402000000000000.0;34;2;3;0;0;0;COMMUNUE PANCHAYAT;Ariankuppam Commune Panchayat;Total;11871;54769;27641;27128;6930;3569;3361;7818;3919;3899;0;0;0;36914;20807;16107;17855;6834;11021;19200;14425;4775;17715;13741;3974;660;605;55;2825;1703;1122;256;121;135;13974;11312;2662;1485;684;801;21;10;11;645;238;407;112;22;90;707;414;293;35569;13216;22353;0;0;0;0;0;;0;0;0;0;0;0;0;0;0;0;0;0;0;0;0;0;0;0;0;0;0;0;0;0;0;0;0;0;0;0;0;0;0;0;0;0;0;0;0;0;0;0;0;0;0;0;0;0;0;0;0;0;0;0;0;0;0;0;0;0;0;;0;;0;0;0;0;0;0;0;0;0;0;0;0;0;0;0;0;0;0;0;0;0;0;0;0;0;0;0;0;0;0;0;0;0;0;0;0;0;0;0;;0;0;0;0;0;0;0;;;0;0;0;;;;0;0;0;0;0.0;0;0;0;0;0;0;0;0.0;0.0;0;0.0
34;02;0004;00000000;3402000400000000;Nettapakkam Commune Panchayat;627186;3402000000000000.0;34;2;4;0;0;0;COMMUNUE PANCHAYAT;Nettapakkam Commune Panchayat;Total;8428;37231;18834;18397;4972;2498;2474;11515;5843;5672;0;0;0;22949;13388;9561;14282;5446;8836;16270;10417;5853;14220;9444;4776;1328;1115;213;6814;3640;3174;484;304;180;5594;4385;1209;2050;973;1077;34;19;15;1771;817;954;22;7;15;223;130;93;20961;8417;12544;0;0;0;0;0;;0;0;0;0;0;0;0;0;0;0;0;0;0;0;0;0;0;0;0;0;0;0;0;0;0;0;0;0;0;0;0;0;0;0;0;0;0;0;0;0;0;0;0;0;0;0;0;0;0;0;0;0;0;0;0;0;0;0;0;0;0;;0;;0;0;0;0;0;0;0;0;0;0;0;0;0;0;0;0;0;0;0;0;0;0;0;0;0;0;0;0;0;0;0;0;0;0;0;0;0;0;0;;0;0;0;0;0;0;0;;;0;0;0;;;;0;0;0;0;0.0;0;0;0;0;0;0;0;0.0;0.0;0;0.0
34;02;0004;00000000;3402000400000000;Nettapakkam Commune Panchayat;627187;3402000000000000.0;34;2;4;0;0;0;COMMUNUE PANCHAYAT;Nettapakkam Commune Panchayat;Total;8428;37231;18834;18397;4972;2498;2474;11515;5843;5672;0;0;0;22949;13388;9561;14282;5446;8836;16270;10417;5853;14220;9444;4776;1328;1115;213;6814;3640;3174;484;304;180;5594;4385;1209;2050;973;1077;34;19;15;1771;817;954;22;7;15;223;130;93;20961;8417;12544;0;0;0;0;0;;0;0;0;0;0;0;0;0;0;0;0;0;0;0;0;0;0;0;0;0;0;0;0;0;0;0;0;0;0;0;0;0;0;0;0;0;0;0;0;0;0;0;0;0;0;0;0;0;0;0;0;0;0;0;0;0;0;0;0;0;0;;0;;0;0;0;0;0;0;0;0;0;0;0;0;0;0;0;0;0;0;0;0;0;0;0;0;0;0;0;0;0;0;0;0;0;0;0;0;0;0;0;;0;0;0;0;0;0;0;;;0;0;0;;;;0;0;0;0;0.0;0;0;0;0;0;0;0;0.0;0.0;0;0.0
34;02;0005;00000000;3402000500000000;Bahour Commune Panchayat;627188;3402000000000000.0;34;2;5;0;0;0;COMMUNUE PANCHAYAT;Bahour Commune Panchayat;Total;12138;54430;27626;26804;7041;3605;3436;19010;9313;9697;0;0;0;32842;18956;13886;21588;8670;12918;22209;15123;7086;20745;14501;6244;1443;1301;142;10875;6285;4590;272;133;139;8155;6782;1373;1464;622;842;82;24;58;907;300;607;33;10;23;442;288;154;32221;12503;19718;0;0;0;0;0;;0;0;0;0;0;0;0;0;0;0;0;0;0;0;0;0;0;0;0;0;0;0;0;0;0;0;0;0;0;0;0;0;0;0;0;0;0;0;0;0;0;0;0;0;0;0;0;0;0;0;0;0;0;0;0;0;0;0;0;0;0;;0;;0;0;0;0;0;0;0;0;0;0;0;0;0;0;0;0;0;0;0;0;0;0;0;0;0;0;0;0;0;0;0;0;0;0;0;0;0;0;0;;0;0;0;0;0;0;0;;;0;0;0;;;;0;0;0;0;0.0;0;0;0;0;0;0;0;0.0;0.0;0;0.0
34;02;0005;00000000;3402000500000000;Bahour Commune Panchayat;627189;3402000000000000.0;34;2;5;0;0;0;COMMUNUE PANCHAYAT;Bahour Commune Panchayat;Total;12138;54430;27626;26804;7041;3605;3436;19010;9313;9697;0;0;0;32842;18956;13886;21588;8670;12918;22209;15123;7086;20745;14501;6244;1443;1301;142;10875;6285;4590;272;133;139;8155;6782;1373;1464;622;842;82;24;58;907;300;607;33;10;23;442;288;154;32221;12503;19718;0;0;0;0;0;;0;0;0;0;0;0;0;0;0;0;0;0;0;0;0;0;0;0;0;0;0;0;0;0;0;0;0;0;0;0;0;0;0;0;0;0;0;0;0;0;0;0;0;0;0;0;0;0;0;0;0;0;0;0;0;0;0;0;0;0;0;;0;;0;0;0;0;0;0;0;0;0;0;0;0;0;0;0;0;0;0;0;0;0;0;0;0;0;0;0;0;0;0;0;0;0;0;0;0;0;0;0;;0;0;0;0;0;0;0;;;0;0;0;;;;0;0;0;0;0.0;0;0;0;0;0;0;0;0.0;0.0;0;0.0
34;02;0005;00000000;3402000500000000;Bahour Commune Panchayat;627190;3402000000000000.0;34;2;5;0;0;0;COMMUNUE PANCHAYAT;Bahour Commune Panchayat;Total;12138;54430;27626;26804;7041;3605;3436;19010;9313;9697;0;0;0;32842;18956;13886;21588;8670;12918;22209;15123;7086;20745;14501;6244;1443;1301;142;10875;6285;4590;272;133;139;8155;6782;1373;1464;622;842;82;24;58;907;300;607;33;10;23;442;288;154;32221;12503;19718;0;0;0;0;0;;0;0;0;0;0;0;0;0;0;0;0;0;0;0;0;0;0;0;0;0;0;0;0;0;0;0;0;0;0;0;0;0;0;0;0;0;0;0;0;0;0;0;0;0;0;0;0;0;0;0;0;0;0;0;0;0;0;0;0;0;0;;0;;0;0;0;0;0;0;0;0;0;0;0;0;0;0;0;0;0;0;0;0;0;0;0;0;0;0;0;0;0;0;0;0;0;0;0;0;0;0;0;;0;0;0;0;0;0;0;;;0;0;0;;;;0;0;0;0;0.0;0;0;0;0;0;0;0;0.0;0.0;0;0.0
34;02;0005;00000000;3402000500000000;Bahour Commune Panchayat;627191;3402000000000000.0;34;2;5;0;0;0;COMMUNUE PANCHAYAT;Bahour Commune Panchayat;Total;12138;54430;27626;26804;7041;3605;3436;19010;9313;9697;0;0;0;32842;18956;13886;21588;8670;12918;22209;15123;7086;20745;14501;6244;1443;1301;142;10875;6285;4590;272;133;139;8155;6782;1373;1464;622;842;82;24;58;907;300;607;33;10;23;442;288;154;32221;12503;19718;0;0;0;0;0;;0;0;0;0;0;0;0;0;0;0;0;0;0;0;0;0;0;0;0;0;0;0;0;0;0;0;0;0;0;0;0;0;0;0;0;0;0;0;0;0;0;0;0;0;0;0;0;0;0;0;0;0;0;0;0;0;0;0;0;0;0;;0;;0;0;0;0;0;0;0;0;0;0;0;0;0;0;0;0;0;0;0;0;0;0;0;0;0;0;0;0;0;0;0;0;0;0;0;0;0;0;0;;0;0;0;0;0;0;0;;;0;0;0;;;;0;0;0;0;0.0;0;0;0;0;0;0;0;0.0;0.0;0;0.0
34;02;0005;00000000;3402000500000000;Mahe;627192;3402000000000000.0;34;2;5;0;0;0;COMMUNUE PANCHAYAT;Bahour Commune Panchayat;Total;12138;54430;27626;26804;7041;3605;3436;19010;9313;9697;0;0;0;32842;18956;13886;21588;8670;12918;22209;15123;7086;20745;14501;6244;1443;1301;142;10875;6285;4590;272;133;139;8155;6782;1373;1464;622;842;82;24;58;907;300;607;33;10;23;442;288;154;32221;12503;19718;0;0;0;0;0;;0;0;0;0;0;0;0;0;0;0;0;0;0;0;0;0;0;0;0;0;0;0;0;0;0;0;0;0;0;0;0;0;0;0;0;0;0;0;0;0;0;0;0;0;0;0;0;0;0;0;0;0;0;0;0;0;0;0;0;0;0;;0;;0;0;0;0;0;0;0;0;0;0;0;0;0;0;0;0;0;0;0;0;0;0;0;0;0;0;0;0;0;0;0;0;0;0;0;0;0;0;0;;0;0;0;0;0;0;0;;;0;0;0;;;;0;0;0;0;0.0;0;0;0;0;0;0;0;0.0;0.0;0;0.0
34;02;0005;00000000;3402000500000000;Mahe;627193;3402000000000000.0;34;2;5;0;0;0;COMMUNUE PANCHAYAT;Bahour Commune Panchayat;Total;12138;54430;27626;26804;7041;3605;3436;19010;9313;9697;0;0;0;32842;18956;13886;21588;8670;12918;22209;15123;7086;20745;14501;6244;1443;1301;142;10875;6285;4590;272;133;139;8155;6782;1373;1464;622;842;82;24;58;907;300;607;33;10;23;442;288;154;32221;12503;19718;0;0;0;0;0;;0;0;0;0;0;0;0;0;0;0;0;0;0;0;0;0;0;0;0;0;0;0;0;0;0;0;0;0;0;0;0;0;0;0;0;0;0;0;0;0;0;0;0;0;0;0;0;0;0;0;0;0;0;0;0;0;0;0;0;0;0;;0;;0;0;0;0;0;0;0;0;0;0;0;0;0;0;0;0;0;0;0;0;0;0;0;0;0;0;0;0;0;0;0;0;0;0;0;0;0;0;0;;0;0;0;0;0;0;0;;;0;0;0;;;;0;0;0;0;0.0;0;0;0;0;0;0;0;0.0;0.0;0;0.0
34;04;0001;00000000;3404000100000000;Nedungadu Commune Panchayat;627194;3404000000000000.0;34;4;1;0;0;0;COMMUNUE PANCHAYAT;Nedungadu Commune Panchayat;Total;3662;15414;7589;7825;1918;949;969;4818;2365;2453;0;0;0;10591;5754;4837;4823;1835;2988;6051;4238;1813;5152;3810;1342;291;266;25;2644;1780;864;20;13;7;2197;1751;446;899;428;471;14;11;3;802;372;430;22;2;20;61;43;18;9363;3351;6012;0;0;0;0;0;;0;0;0;0;0;0;0;0;0;0;0;0;0;0;0;0;0;0;0;0;0;0;0;0;0;0;0;0;0;0;0;0;0;0;0;0;0;0;0;0;0;0;0;0;0;0;0;0;0;0;0;0;0;0;0;0;0;0;0;0;0;;0;;0;0;0;0;0;0;0;0;0;0;0;0;0;0;0;0;0;0;0;0;0;0;0;0;0;0;0;0;0;0;0;0;0;0;0;0;0;0;0;;0;0;0;0;0;0;0;;;0;0;0;;;;0;0;0;0;0.0;0;0;0;0;0;0;0;0.0;0.0;0;0.0
34;04;0002;00000000;3404000200000000;Kottucherry Commune Panchayat;627195;3404000000000000.0;34;4;2;0;0;0;COMMUNUE PANCHAYAT;Kottucherry Commune Panchayat;Total;3879;17442;8688;8754;2087;1030;1057;3886;1937;1949;0;0;0;12225;6681;5544;5217;2007;3210;5969;4569;1400;5167;4076;1091;278;266;12;1508;997;511;96;55;41;3285;2758;527;802;493;309;7;5;2;620;371;249;11;2;9;164;115;49;11473;4119;7354;0;0;0;0;0;;0;0;0;0;0;0;0;0;0;0;0;0;0;0;0;0;0;0;0;0;0;0;0;0;0;0;0;0;0;0;0;0;0;0;0;0;0;0;0;0;0;0;0;0;0;0;0;0;0;0;0;0;0;0;0;0;0;0;0;0;0;;0;;0;0;0;0;0;0;0;0;0;0;0;0;0;0;0;0;0;0;0;0;0;0;0;0;0;0;0;0;0;0;0;0;0;0;0;0;0;0;0;;0;0;0;0;0;0;0;;;0;0;0;;;;0;0;0;0;0.0;0;0;0;0;0;0;0;0.0;0.0;0;0.0
34;04;0003;00000000;3404000300000000;Thirunallar Commune Panchayat;627196;3404000000000000.0;34;4;3;0;0;0;COMMUNUE PANCHAYAT;Thirunallar Commune Panchayat;Total;7654;33734;16682;17052;4273;2170;2103;7509;3780;3729;0;0;0;24157;13072;11085;9577;3610;5967;11625;8799;2826;10164;8124;2040;754;694;60;4070;2916;1154;111;67;44;5229;4447;782;1461;675;786;24;14;10;1085;443;642;53;16;37;299;202;97;22109;7883;14226;0;0;0;0;0;;0;0;0;0;0;0;0;0;0;0;0;0;0;0;0;0;0;0;0;0;0;0;0;0;0;0;0;0;0;0;0;0;0;0;0;0;0;0;0;0;0;0;0;0;0;0;0;0;0;0;0;0;0;0;0;0;0;0;0;0;0;;0;;0;0;0;0;0;0;0;0;0;0;0;0;0;0;0;0;0;0;0;0;0;0;0;0;0;0;0;0;0;0;0;0;0;0;0;0;0;0;0;;0;0;0;0;0;0;0;;;0;0;0;;;;0;0;0;0;0.0;0;0;0;0;0;0;0;0.0;0.0;0;0.0
34;04;0000;40401000;3404000040401000;KARAIKAL MUNICIPALITY;627197;3404000000000000.0;34;4;0;40401000;0;0;TOWN;Karaikal (M);Urban;16486;74438;36837;37601;9430;4762;4668;8492;4166;4326;0;0;0;54247;28939;25308;20191;7898;12293;23779;19032;4747;22118;18183;3935;283;255;28;2139;1652;487;321;156;165;19375;16120;3255;1661;849;812;32;24;8;599;165;434;68;19;49;962;641;321;50659;17805;32854;0;0;0;0;0;;0;0;0;0;0;0;0;0;0;0;0;0;0;0;0;0;0;0;0;0;0;0;0;0;0;0;0;0;0;0;0;0;0;0;0;0;0;0;0;0;0;0;0;0;0;0;0;0;0;0;0;0;0;0;0;0;0;0;0;0;0;;0;;0;0;0;0;0;0;0;0;0;0;0;0;0;0;0;0;0;0;0;0;0;0;0;0;0;0;0;0;0;0;0;0;0;0;0;0;0;0;0;;0;0;0;0;0;0;0;;;0;0;0;;;;0;0;0;0;0.0;0;0;0;0;0;0;0;0.0;0.0;0;0.0
34;04;0004;00000000;3404000400000000;Neravy Commune Panchayat;627198;3404000000000000.0;34;4;4;0;0;0;COMMUNUE PANCHAYAT;Neravy Commune Panchayat;Total;2442;10890;5392;5498;1314;676;638;2637;1330;1307;0;0;0;7775;4217;3558;3115;1175;1940;3503;2747;756;2874;2378;496;182;169;13;902;665;237;59;26;33;1731;1518;213;629;369;260;15;11;4;494;292;202;24;5;19;96;61;35;7387;2645;4742;0;0;0;0;0;;0;0;0;0;0;0;0;0;0;0;0;0;0;0;0;0;0;0;0;0;0;0;0;0;0;0;0;0;0;0;0;0;0;0;0;0;0;0;0;0;0;0;0;0;0;0;0;0;0;0;0;0;0;0;0;0;0;0;0;0;0;;0;;0;0;0;0;0;0;0;0;0;0;0;0;0;0;0;0;0;0;0;0;0;0;0;0;0;0;0;0;0;0;0;0;0;0;0;0;0;0;0;;0;0;0;0;0;0;0;;;0;0;0;;;;0;0;0;0;0.0;0;0;0;0;0;0;0;0.0;0.0;0;0.0
34;04;0004;00000000;3404000400000000;Neravy Commune Panchayat;627199;3404000000000000.0;34;4;4;0;0;0;COMMUNUE PANCHAYAT;Neravy Commune Panchayat;Total;2442;10890;5392;5498;1314;676;638;2637;1330;1307;0;0;0;7775;4217;3558;3115;1175;1940;3503;2747;756;2874;2378;496;182;169;13;902;665;237;59;26;33;1731;1518;213;629;369;260;15;11;4;494;292;202;24;5;19;96;61;35;7387;2645;4742;0;0;0;0;0;;0;0;0;0;0;0;0;0;0;0;0;0;0;0;0;0;0;0;0;0;0;0;0;0;0;0;0;0;0;0;0;0;0;0;0;0;0;0;0;0;0;0;0;0;0;0;0;0;0;0;0;0;0;0;0;0;0;0;0;0;0;;0;;0;0;0;0;0;0;0;0;0;0;0;0;0;0;0;0;0;0;0;0;0;0;0;0;0;0;0;0;0;0;0;0;0;0;0;0;0;0;0;;0;0;0;0;0;0;0;;;0;0;0;;;;0;0;0;0;0.0;0;0;0;0;0;0;0;0.0;0.0;0;0.0
34;04;0005;00000000;3404000500000000;Thirumalairayan Pattinam Commune Panchayat;627200;3404000000000000.0;34;4;5;0;0;0;COMMUNUE PANCHAYAT;Thirumalairayan Pattinam Commune Panchayat;Total;4271;18873;9299;9574;2453;1271;1182;3526;1664;1862;0;0;0;13349;7161;6188;5524;2138;3386;6605;5070;1535;6199;4900;1299;384;323;61;1675;1073;602;124;82;42;4016;3422;594;406;170;236;17;14;3;251;48;203;4;1;3;134;107;27;12268;4229;8039;0;0;0;0;0;;0;0;0;0;0;0;0;0;0;0;0;0;0;0;0;0;0;0;0;0;0;0;0;0;0;0;0;0;0;0;0;0;0;0;0;0;0;0;0;0;0;0;0;0;0;0;0;0;0;0;0;0;0;0;0;0;0;0;0;0;0;;0;;0;0;0;0;0;0;0;0;0;0;0;0;0;0;0;0;0;0;0;0;0;0;0;0;0;0;0;0;0;0;0;0;0;0;0;0;0;0;0;;0;0;0;0;0;0;0;;;0;0;0;;;;0;0;0;0;0.0;0;0;0;0;0;0;0;0.0;0.0;0;0.0
34;04;0005;00000000;3404000500000000;Thirumalairayan Pattinam Commune Panchayat;627201;3404000000000000.0;34;4;5;0;0;0;COMMUNUE PANCHAYAT;Thirumalairayan Pattinam Commune Panchayat;Total;4271;18873;9299;9574;2453;1271;1182;3526;1664;1862;0;0;0;13349;7161;6188;5524;2138;3386;6605;5070;1535;6199;4900;1299;384;323;61;1675;1073;602;124;82;42;4016;3422;594;406;170;236;17;14;3;251;48;203;4;1;3;134;107;27;12268;4229;8039;0;0;0;0;0;;0;0;0;0;0;0;0;0;0;0;0;0;0;0;0;0;0;0;0;0;0;0;0;0;0;0;0;0;0;0;0;0;0;0;0;0;0;0;0;0;0;0;0;0;0;0;0;0;0;0;0;0;0;0;0;0;0;0;0;0;0;;0;;0;0;0;0;0;0;0;0;0;0;0;0;0;0;0;0;0;0;0;0;0;0;0;0;0;0;0;0;0;0;0;0;0;0;0;0;0;0;0;;0;0;0;0;0;0;0;;;0;0;0;;;;0;0;0;0;0.0;0;0;0;0;0;0;0;0.0;0.0;0;0.0
34;04;0005;00000000;3404000500000000;Thirumalairayan Pattinam Commune Panchayat;627202;3404000000000000.0;34;4;5;0;0;0;COMMUNUE PANCHAYAT;Thirumalairayan Pattinam Commune Panchayat;Total;4271;18873;9299;9574;2453;1271;1182;3526;1664;1862;0;0;0;13349;7161;6188;5524;2138;3386;6605;5070;1535;6199;4900;1299;384;323;61;1675;1073;602;124;82;42;4016;3422;594;406;170;236;17;14;3;251;48;203;4;1;3;134;107;27;12268;4229;8039;0;0;0;0;0;;0;0;0;0;0;0;0;0;0;0;0;0;0;0;0;0;0;0;0;0;0;0;0;0;0;0;0;0;0;0;0;0;0;0;0;0;0;0;0;0;0;0;0;0;0;0;0;0;0;0;0;0;0;0;0;0;0;0;0;0;0;;0;;0;0;0;0;0;0;0;0;0;0;0;0;0;0;0;0;0;0;0;0;0;0;0;0;0;0;0;0;0;0;0;0;0;0;0;0;0;0;0;;0;0;0;0;0;0;0;;;0;0;0;;;;0;0;0;0;0.0;0;0;0;0;0;0;0;0.0;0.0;0;0.0
35;01;0001;00000000;3501000100000000;Diglipur;627203;3501000000000000.0;35;1;1;0;0;0;TEHSIL;Diglipur;Total;9572;42877;22617;20260;6633;3390;3243;0;0;0;23;20;3;27405;15803;11602;15472;6814;8658;16947;12820;4127;13716;11640;2076;6700;5607;1093;514;469;45;63;50;13;6439;5514;925;3231;1180;2051;2019;425;1594;370;219;151;35;11;24;807;525;282;25930;9797;16133;0;0;0;0;0;;0;0;0;0;0;0;0;0;0;0;0;0;0;0;0;0;0;0;0;0;0;0;0;0;0;0;0;0;0;0;0;0;0;0;0;0;0;0;0;0;0;0;0;0;0;0;0;0;0;0;0;0;0;0;0;0;0;0;0;0;0;;0;;0;0;0;0;0;0;0;0;0;0;0;0;0;0;0;0;0;0;0;0;0;0;0;0;0;0;0;0;0;0;0;0;0;0;0;0;0;0;0;;0;0;0;0;0;0;0;;;0;0;0;;;;0;0;0;0;0.0;0;0;0;0;0;0;0;0.0;0.0;0;0.0
35;01;0001;00000000;3501000100000000;Diglipur;627204;3501000000000000.0;35;1;1;0;0;0;TEHSIL;Diglipur;Total;9572;42877;22617;20260;6633;3390;3243;0;0;0;23;20;3;27405;15803;11602;15472;6814;8658;16947;12820;4127;13716;11640;2076;6700;5607;1093;514;469;45;63;50;13;6439;5514;925;3231;1180;2051;2019;425;1594;370;219;151;35;11;24;807;525;282;25930;9797;16133;0;0;0;0;0;;0;0;0;0;0;0;0;0;0;0;0;0;0;0;0;0;0;0;0;0;0;0;0;0;0;0;0;0;0;0;0;0;0;0;0;0;0;0;0;0;0;0;0;0;0;0;0;0;0;0;0;0;0;0;0;0;0;0;0;0;0;;0;;0;0;0;0;0;0;0;0;0;0;0;0;0;0;0;0;0;0;0;0;0;0;0;0;0;0;0;0;0;0;0;0;0;0;0;0;0;0;0;;0;0;0;0;0;0;0;;;0;0;0;;;;0;0;0;0;0.0;0;0;0;0;0;0;0;0.0;0.0;0;0.0
35;01;0001;00000000;3501000100000000;Diglipur;627205;3501000000000000.0;35;1;1;0;0;0;TEHSIL;Diglipur;Total;9572;42877;22617;20260;6633;3390;3243;0;0;0;23;20;3;27405;15803;11602;15472;6814;8658;16947;12820;4127;13716;11640;2076;6700;5607;1093;514;469;45;63;50;13;6439;5514;925;3231;1180;2051;2019;425;1594;370;219;151;35;11;24;807;525;282;25930;9797;16133;0;0;0;0;0;;0;0;0;0;0;0;0;0;0;0;0;0;0;0;0;0;0;0;0;0;0;0;0;0;0;0;0;0;0;0;0;0;0;0;0;0;0;0;0;0;0;0;0;0;0;0;0;0;0;0;0;0;0;0;0;0;0;0;0;0;0;;0;;0;0;0;0;0;0;0;0;0;0;0;0;0;0;0;0;0;0;0;0;0;0;0;0;0;0;0;0;0;0;0;0;0;0;0;0;0;0;0;;0;0;0;0;0;0;0;;;0;0;0;;;;0;0;0;0;0.0;0;0;0;0;0;0;0;0.0;0.0;0;0.0
35;01;0001;00000000;3501000100000000;Diglipur;627206;3501000000000000.0;35;1;1;0;0;0;TEHSIL;Diglipur;Total;9572;42877;22617;20260;6633;3390;3243;0;0;0;23;20;3;27405;15803;11602;15472;6814;8658;16947;12820;4127;13716;11640;2076;6700;5607;1093;514;469;45;63;50;13;6439;5514;925;3231;1180;2051;2019;425;1594;370;219;151;35;11;24;807;525;282;25930;9797;16133;0;0;0;0;0;;0;0;0;0;0;0;0;0;0;0;0;0;0;0;0;0;0;0;0;0;0;0;0;0;0;0;0;0;0;0;0;0;0;0;0;0;0;0;0;0;0;0;0;0;0;0;0;0;0;0;0;0;0;0;0;0;0;0;0;0;0;;0;;0;0;0;0;0;0;0;0;0;0;0;0;0;0;0;0;0;0;0;0;0;0;0;0;0;0;0;0;0;0;0;0;0;0;0;0;0;0;0;;0;0;0;0;0;0;0;;;0;0;0;;;;0;0;0;0;0.0;0;0;0;0;0;0;0;0.0;0.0;0;0.0
35;01;0001;00000000;3501000100000000;Diglipur;627207;3501000000000000.0;35;1;1;0;0;0;TEHSIL;Diglipur;Total;9572;42877;22617;20260;6633;3390;3243;0;0;0;23;20;3;27405;15803;11602;15472;6814;8658;16947;12820;4127;13716;11640;2076;6700;5607;1093;514;469;45;63;50;13;6439;5514;925;3231;1180;2051;2019;425;1594;370;219;151;35;11;24;807;525;282;25930;9797;16133;0;0;0;0;0;;0;0;0;0;0;0;0;0;0;0;0;0;0;0;0;0;0;0;0;0;0;0;0;0;0;0;0;0;0;0;0;0;0;0;0;0;0;0;0;0;0;0;0;0;0;0;0;0;0;0;0;0;0;0;0;0;0;0;0;0;0;;0;;0;0;0;0;0;0;0;0;0;0;0;0;0;0;0;0;0;0;0;0;0;0;0;0;0;0;0;0;0;0;0;0;0;0;0;0;0;0;0;;0;0;0;0;0;0;0;;;0;0;0;;;;0;0;0;0;0.0;0;0;0;0;0;0;0;0.0;0.0;0;0.0
35;01;0001;00000000;3501000100000000;Diglipur;627208;3501000000000000.0;35;1;1;0;0;0;TEHSIL;Diglipur;Total;9572;42877;22617;20260;6633;3390;3243;0;0;0;23;20;3;27405;15803;11602;15472;6814;8658;16947;12820;4127;13716;11640;2076;6700;5607;1093;514;469;45;63;50;13;6439;5514;925;3231;1180;2051;2019;425;1594;370;219;151;35;11;24;807;525;282;25930;9797;16133;0;0;0;0;0;;0;0;0;0;0;0;0;0;0;0;0;0;0;0;0;0;0;0;0;0;0;0;0;0;0;0;0;0;0;0;0;0;0;0;0;0;0;0;0;0;0;0;0;0;0;0;0;0;0;0;0;0;0;0;0;0;0;0;0;0;0;;0;;0;0;0;0;0;0;0;0;0;0;0;0;0;0;0;0;0;0;0;0;0;0;0;0;0;0;0;0;0;0;0;0;0;0;0;0;0;0;0;;0;0;0;0;0;0;0;;;0;0;0;;;;0;0;0;0;0.0;0;0;0;0;0;0;0;0.0;0.0;0;0.0
35;01;0002;00000000;3501000200000000;Mayabunder;627209;3501000000000000.0;35;1;2;0;0;0;TEHSIL;Mayabunder;Total;5225;23912;12748;11164;3306;1638;1668;0;0;0;74;40;34;16685;9517;7168;7227;3231;3996;9534;7227;2307;7091;6006;1085;2388;1985;403;213;206;7;53;47;6;4437;3768;669;2443;1221;1222;1488;558;930;309;220;89;14;3;11;632;440;192;14378;5521;8857;0;0;0;0;0;;0;0;0;0;0;0;0;0;0;0;0;0;0;0;0;0;0;0;0;0;0;0;0;0;0;0;0;0;0;0;0;0;0;0;0;0;0;0;0;0;0;0;0;0;0;0;0;0;0;0;0;0;0;0;0;0;0;0;0;0;0;;0;;0;0;0;0;0;0;0;0;0;0;0;0;0;0;0;0;0;0;0;0;0;0;0;0;0;0;0;0;0;0;0;0;0;0;0;0;0;0;0;;0;0;0;0;0;0;0;;;0;0;0;;;;0;0;0;0;0.0;0;0;0;0;0;0;0;0.0;0.0;0;0.0
35;01;0002;00000000;3501000200000000;Mayabunder;627210;3501000000000000.0;35;1;2;0;0;0;TEHSIL;Mayabunder;Total;5225;23912;12748;11164;3306;1638;1668;0;0;0;74;40;34;16685;9517;7168;7227;3231;3996;9534;7227;2307;7091;6006;1085;2388;1985;403;213;206;7;53;47;6;4437;3768;669;2443;1221;1222;1488;558;930;309;220;89;14;3;11;632;440;192;14378;5521;8857;0;0;0;0;0;;0;0;0;0;0;0;0;0;0;0;0;0;0;0;0;0;0;0;0;0;0;0;0;0;0;0;0;0;0;0;0;0;0;0;0;0;0;0;0;0;0;0;0;0;0;0;0;0;0;0;0;0;0;0;0;0;0;0;0;0;0;;0;;0;0;0;0;0;0;0;0;0;0;0;0;0;0;0;0;0;0;0;0;0;0;0;0;0;0;0;0;0;0;0;0;0;0;0;0;0;0;0;;0;0;0;0;0;0;0;;;0;0;0;;;;0;0;0;0;0.0;0;0;0;0;0;0;0;0.0;0.0;0;0.0
35;01;0002;00000000;3501000200000000;Mayabunder;627211;3501000000000000.0;35;1;2;0;0;0;TEHSIL;Mayabunder;Total;5225;23912;12748;11164;3306;1638;1668;0;0;0;74;40;34;16685;9517;7168;7227;3231;3996;9534;7227;2307;7091;6006;1085;2388;1985;403;213;206;7;53;47;6;4437;3768;669;2443;1221;1222;1488;558;930;309;220;89;14;3;11;632;440;192;14378;5521;8857;0;0;0;0;0;;0;0;0;0;0;0;0;0;0;0;0;0;0;0;0;0;0;0;0;0;0;0;0;0;0;0;0;0;0;0;0;0;0;0;0;0;0;0;0;0;0;0;0;0;0;0;0;0;0;0;0;0;0;0;0;0;0;0;0;0;0;;0;;0;0;0;0;0;0;0;0;0;0;0;0;0;0;0;0;0;0;0;0;0;0;0;0;0;0;0;0;0;0;0;0;0;0;0;0;0;0;0;;0;0;0;0;0;0;0;;;0;0;0;;;;0;0;0;0;0.0;0;0;0;0;0;0;0;0.0;0.0;0;0.0
35;01;0002;00000000;3501000200000000;Mayabunder;627212;3501000000000000.0;35;1;2;0;0;0;TEHSIL;Mayabunder;Total;5225;23912;12748;11164;3306;1638;1668;0;0;0;74;40;34;16685;9517;7168;7227;3231;3996;9534;7227;2307;7091;6006;1085;2388;1985;403;213;206;7;53;47;6;4437;3768;669;2443;1221;1222;1488;558;930;309;220;89;14;3;11;632;440;192;14378;5521;8857;0;0;0;0;0;;0;0;0;0;0;0;0;0;0;0;0;0;0;0;0;0;0;0;0;0;0;0;0;0;0;0;0;0;0;0;0;0;0;0;0;0;0;0;0;0;0;0;0;0;0;0;0;0;0;0;0;0;0;0;0;0;0;0;0;0;0;;0;;0;0;0;0;0;0;0;0;0;0;0;0;0;0;0;0;0;0;0;0;0;0;0;0;0;0;0;0;0;0;0;0;0;0;0;0;0;0;0;;0;0;0;0;0;0;0;;;0;0;0;;;;0;0;0;0;0.0;0;0;0;0;0;0;0;0.0;0.0;0;0.0
35;01;0002;00000000;3501000200000000;Mayabunder;627213;3501000000000000.0;35;1;2;0;0;0;TEHSIL;Mayabunder;Total;5225;23912;12748;11164;3306;1638;1668;0;0;0;74;40;34;16685;9517;7168;7227;3231;3996;9534;7227;2307;7091;6006;1085;2388;1985;403;213;206;7;53;47;6;4437;3768;669;2443;1221;1222;1488;558;930;309;220;89;14;3;11;632;440;192;14378;5521;8857;0;0;0;0;0;;0;0;0;0;0;0;0;0;0;0;0;0;0;0;0;0;0;0;0;0;0;0;0;0;0;0;0;0;0;0;0;0;0;0;0;0;0;0;0;0;0;0;0;0;0;0;0;0;0;0;0;0;0;0;0;0;0;0;0;0;0;;0;;0;0;0;0;0;0;0;0;0;0;0;0;0;0;0;0;0;0;0;0;0;0;0;0;0;0;0;0;0;0;0;0;0;0;0;0;0;0;0;;0;0;0;0;0;0;0;;;0;0;0;;;;0;0;0;0;0.0;0;0;0;0;0;0;0;0.0;0.0;0;0.0
35;01;0002;00000000;3501000200000000;Mayabunder;627214;3501000000000000.0;35;1;2;0;0;0;TEHSIL;Mayabunder;Total;5225;23912;12748;11164;3306;1638;1668;0;0;0;74;40;34;16685;9517;7168;7227;3231;3996;9534;7227;2307;7091;6006;1085;2388;1985;403;213;206;7;53;47;6;4437;3768;669;2443;1221;1222;1488;558;930;309;220;89;14;3;11;632;440;192;14378;5521;8857;0;0;0;0;0;;0;0;0;0;0;0;0;0;0;0;0;0;0;0;0;0;0;0;0;0;0;0;0;0;0;0;0;0;0;0;0;0;0;0;0;0;0;0;0;0;0;0;0;0;0;0;0;0;0;0;0;0;0;0;0;0;0;0;0;0;0;;0;;0;0;0;0;0;0;0;0;0;0;0;0;0;0;0;0;0;0;0;0;0;0;0;0;0;0;0;0;0;0;0;0;0;0;0;0;0;0;0;;0;0;0;0;0;0;0;;;0;0;0;;;;0;0;0;0;0.0;0;0;0;0;0;0;0;0.0;0.0;0;0.0
35;01;0002;00000000;3501000200000000;Mayabunder;627215;3501000000000000.0;35;1;2;0;0;0;TEHSIL;Mayabunder;Total;5225;23912;12748;11164;3306;1638;1668;0;0;0;74;40;34;16685;9517;7168;7227;3231;3996;9534;7227;2307;7091;6006;1085;2388;1985;403;213;206;7;53;47;6;4437;3768;669;2443;1221;1222;1488;558;930;309;220;89;14;3;11;632;440;192;14378;5521;8857;0;0;0;0;0;;0;0;0;0;0;0;0;0;0;0;0;0;0;0;0;0;0;0;0;0;0;0;0;0;0;0;0;0;0;0;0;0;0;0;0;0;0;0;0;0;0;0;0;0;0;0;0;0;0;0;0;0;0;0;0;0;0;0;0;0;0;;0;;0;0;0;0;0;0;0;0;0;0;0;0;0;0;0;0;0;0;0;0;0;0;0;0;0;0;0;0;0;0;0;0;0;0;0;0;0;0;0;;0;0;0;0;0;0;0;;;0;0;0;;;;0;0;0;0;0.0;0;0;0;0;0;0;0;0.0;0.0;0;0.0
35;01;0002;00000000;3501000200000000;Mayabunder;627216;3501000000000000.0;35;1;2;0;0;0;TEHSIL;Mayabunder;Total;5225;23912;12748;11164;3306;1638;1668;0;0;0;74;40;34;16685;9517;7168;7227;3231;3996;9534;7227;2307;7091;6006;1085;2388;1985;403;213;206;7;53;47;6;4437;3768;669;2443;1221;1222;1488;558;930;309;220;89;14;3;11;632;440;192;14378;5521;8857;0;0;0;0;0;;0;0;0;0;0;0;0;0;0;0;0;0;0;0;0;0;0;0;0;0;0;0;0;0;0;0;0;0;0;0;0;0;0;0;0;0;0;0;0;0;0;0;0;0;0;0;0;0;0;0;0;0;0;0;0;0;0;0;0;0;0;;0;;0;0;0;0;0;0;0;0;0;0;0;0;0;0;0;0;0;0;0;0;0;0;0;0;0;0;0;0;0;0;0;0;0;0;0;0;0;0;0;;0;0;0;0;0;0;0;;;0;0;0;;;;0;0;0;0;0.0;0;0;0;0;0;0;0;0.0;0.0;0;0.0
35;01;0002;00000000;3501000200000000;Mayabunder;627217;3501000000000000.0;35;1;2;0;0;0;TEHSIL;Mayabunder;Total;5225;23912;12748;11164;3306;1638;1668;0;0;0;74;40;34;16685;9517;7168;7227;3231;3996;9534;7227;2307;7091;6006;1085;2388;1985;403;213;206;7;53;47;6;4437;3768;669;2443;1221;1222;1488;558;930;309;220;89;14;3;11;632;440;192;14378;5521;8857;0;0;0;0;0;;0;0;0;0;0;0;0;0;0;0;0;0;0;0;0;0;0;0;0;0;0;0;0;0;0;0;0;0;0;0;0;0;0;0;0;0;0;0;0;0;0;0;0;0;0;0;0;0;0;0;0;0;0;0;0;0;0;0;0;0;0;;0;;0;0;0;0;0;0;0;0;0;0;0;0;0;0;0;0;0;0;0;0;0;0;0;0;0;0;0;0;0;0;0;0;0;0;0;0;0;0;0;;0;0;0;0;0;0;0;;;0;0;0;;;;0;0;0;0;0.0;0;0;0;0;0;0;0;0.0;0.0;0;0.0
35;01;0003;00000000;3501000300000000;Rangat;627218;3501000000000000.0;35;1;3;0;0;0;TEHSIL;Rangat;Total;8935;38824;20692;18132;4874;2464;2410;0;0;0;207;113;94;27107;15492;11615;11717;5200;6517;13655;10881;2774;10660;9191;1469;2112;1786;326;345;324;21;97;80;17;8106;7001;1105;2995;1690;1305;1164;499;665;312;226;86;42;16;26;1477;949;528;25169;9811;15358;0;0;0;0;0;;0;0;0;0;0;0;0;0;0;0;0;0;0;0;0;0;0;0;0;0;0;0;0;0;0;0;0;0;0;0;0;0;0;0;0;0;0;0;0;0;0;0;0;0;0;0;0;0;0;0;0;0;0;0;0;0;0;0;0;0;0;;0;;0;0;0;0;0;0;0;0;0;0;0;0;0;0;0;0;0;0;0;0;0;0;0;0;0;0;0;0;0;0;0;0;0;0;0;0;0;0;0;;0;0;0;0;0;0;0;;;0;0;0;;;;0;0;0;0;0.0;0;0;0;0;0;0;0;0.0;0.0;0;0.0
35;01;0003;00000000;3501000300000000;Rangat;627219;3501000000000000.0;35;1;3;0;0;0;TEHSIL;Rangat;Total;8935;38824;20692;18132;4874;2464;2410;0;0;0;207;113;94;27107;15492;11615;11717;5200;6517;13655;10881;2774;10660;9191;1469;2112;1786;326;345;324;21;97;80;17;8106;7001;1105;2995;1690;1305;1164;499;665;312;226;86;42;16;26;1477;949;528;25169;9811;15358;0;0;0;0;0;;0;0;0;0;0;0;0;0;0;0;0;0;0;0;0;0;0;0;0;0;0;0;0;0;0;0;0;0;0;0;0;0;0;0;0;0;0;0;0;0;0;0;0;0;0;0;0;0;0;0;0;0;0;0;0;0;0;0;0;0;0;;0;;0;0;0;0;0;0;0;0;0;0;0;0;0;0;0;0;0;0;0;0;0;0;0;0;0;0;0;0;0;0;0;0;0;0;0;0;0;0;0;;0;0;0;0;0;0;0;;;0;0;0;;;;0;0;0;0;0.0;0;0;0;0;0;0;0;0.0;0.0;0;0.0
35;01;0003;00000000;3501000300000000;Rangat;627220;3501000000000000.0;35;1;3;0;0;0;TEHSIL;Rangat;Total;8935;38824;20692;18132;4874;2464;2410;0;0;0;207;113;94;27107;15492;11615;11717;5200;6517;13655;10881;2774;10660;9191;1469;2112;1786;326;345;324;21;97;80;17;8106;7001;1105;2995;1690;1305;1164;499;665;312;226;86;42;16;26;1477;949;528;25169;9811;15358;0;0;0;0;0;;0;0;0;0;0;0;0;0;0;0;0;0;0;0;0;0;0;0;0;0;0;0;0;0;0;0;0;0;0;0;0;0;0;0;0;0;0;0;0;0;0;0;0;0;0;0;0;0;0;0;0;0;0;0;0;0;0;0;0;0;0;;0;;0;0;0;0;0;0;0;0;0;0;0;0;0;0;0;0;0;0;0;0;0;0;0;0;0;0;0;0;0;0;0;0;0;0;0;0;0;0;0;;0;0;0;0;0;0;0;;;0;0;0;;;;0;0;0;0;0.0;0;0;0;0;0;0;0;0.0;0.0;0;0.0
35;01;0003;00000000;3501000300000000;Rangat;627221;3501000000000000.0;35;1;3;0;0;0;TEHSIL;Rangat;Total;8935;38824;20692;18132;4874;2464;2410;0;0;0;207;113;94;27107;15492;11615;11717;5200;6517;13655;10881;2774;10660;9191;1469;2112;1786;326;345;324;21;97;80;17;8106;7001;1105;2995;1690;1305;1164;499;665;312;226;86;42;16;26;1477;949;528;25169;9811;15358;0;0;0;0;0;;0;0;0;0;0;0;0;0;0;0;0;0;0;0;0;0;0;0;0;0;0;0;0;0;0;0;0;0;0;0;0;0;0;0;0;0;0;0;0;0;0;0;0;0;0;0;0;0;0;0;0;0;0;0;0;0;0;0;0;0;0;;0;;0;0;0;0;0;0;0;0;0;0;0;0;0;0;0;0;0;0;0;0;0;0;0;0;0;0;0;0;0;0;0;0;0;0;0;0;0;0;0;;0;0;0;0;0;0;0;;;0;0;0;;;;0;0;0;0;0.0;0;0;0;0;0;0;0;0.0;0.0;0;0.0
35;01;0003;00000000;3501000300000000;Rangat;627222;3501000000000000.0;35;1;3;0;0;0;TEHSIL;Rangat;Total;8935;38824;20692;18132;4874;2464;2410;0;0;0;207;113;94;27107;15492;11615;11717;5200;6517;13655;10881;2774;10660;9191;1469;2112;1786;326;345;324;21;97;80;17;8106;7001;1105;2995;1690;1305;1164;499;665;312;226;86;42;16;26;1477;949;528;25169;9811;15358;0;0;0;0;0;;0;0;0;0;0;0;0;0;0;0;0;0;0;0;0;0;0;0;0;0;0;0;0;0;0;0;0;0;0;0;0;0;0;0;0;0;0;0;0;0;0;0;0;0;0;0;0;0;0;0;0;0;0;0;0;0;0;0;0;0;0;;0;;0;0;0;0;0;0;0;0;0;0;0;0;0;0;0;0;0;0;0;0;0;0;0;0;0;0;0;0;0;0;0;0;0;0;0;0;0;0;0;;0;0;0;0;0;0;0;;;0;0;0;;;;0;0;0;0;0.0;0;0;0;0;0;0;0;0.0;0.0;0;0.0
35;01;0003;00000000;3501000300000000;Rangat;627223;3501000000000000.0;35;1;3;0;0;0;TEHSIL;Rangat;Total;8935;38824;20692;18132;4874;2464;2410;0;0;0;207;113;94;27107;15492;11615;11717;5200;6517;13655;10881;2774;10660;9191;1469;2112;1786;326;345;324;21;97;80;17;8106;7001;1105;2995;1690;1305;1164;499;665;312;226;86;42;16;26;1477;949;528;25169;9811;15358;0;0;0;0;0;;0;0;0;0;0;0;0;0;0;0;0;0;0;0;0;0;0;0;0;0;0;0;0;0;0;0;0;0;0;0;0;0;0;0;0;0;0;0;0;0;0;0;0;0;0;0;0;0;0;0;0;0;0;0;0;0;0;0;0;0;0;;0;;0;0;0;0;0;0;0;0;0;0;0;0;0;0;0;0;0;0;0;0;0;0;0;0;0;0;0;0;0;0;0;0;0;0;0;0;0;0;0;;0;0;0;0;0;0;0;;;0;0;0;;;;0;0;0;0;0.0;0;0;0;0;0;0;0;0.0;0.0;0;0.0
35;01;0003;00000000;3501000300000000;Rangat;627224;3501000000000000.0;35;1;3;0;0;0;TEHSIL;Rangat;Total;8935;38824;20692;18132;4874;2464;2410;0;0;0;207;113;94;27107;15492;11615;11717;5200;6517;13655;10881;2774;10660;9191;1469;2112;1786;326;345;324;21;97;80;17;8106;7001;1105;2995;1690;1305;1164;499;665;312;226;86;42;16;26;1477;949;528;25169;9811;15358;0;0;0;0;0;;0;0;0;0;0;0;0;0;0;0;0;0;0;0;0;0;0;0;0;0;0;0;0;0;0;0;0;0;0;0;0;0;0;0;0;0;0;0;0;0;0;0;0;0;0;0;0;0;0;0;0;0;0;0;0;0;0;0;0;0;0;;0;;0;0;0;0;0;0;0;0;0;0;0;0;0;0;0;0;0;0;0;0;0;0;0;0;0;0;0;0;0;0;0;0;0;0;0;0;0;0;0;;0;0;0;0;0;0;0;;;0;0;0;;;;0;0;0;0;0.0;0;0;0;0;0;0;0;0.0;0.0;0;0.0
35;01;0003;00000000;3501000300000000;Rangat;627225;3501000000000000.0;35;1;3;0;0;0;TEHSIL;Rangat;Total;8935;38824;20692;18132;4874;2464;2410;0;0;0;207;113;94;27107;15492;11615;11717;5200;6517;13655;10881;2774;10660;9191;1469;2112;1786;326;345;324;21;97;80;17;8106;7001;1105;2995;1690;1305;1164;499;665;312;226;86;42;16;26;1477;949;528;25169;9811;15358;0;0;0;0;0;;0;0;0;0;0;0;0;0;0;0;0;0;0;0;0;0;0;0;0;0;0;0;0;0;0;0;0;0;0;0;0;0;0;0;0;0;0;0;0;0;0;0;0;0;0;0;0;0;0;0;0;0;0;0;0;0;0;0;0;0;0;;0;;0;0;0;0;0;0;0;0;0;0;0;0;0;0;0;0;0;0;0;0;0;0;0;0;0;0;0;0;0;0;0;0;0;0;0;0;0;0;0;;0;0;0;0;0;0;0;;;0;0;0;;;;0;0;0;0;0.0;0;0;0;0;0;0;0;0.0;0.0;0;0.0
35;01;0003;00000000;3501000300000000;Rangat;627226;3501000000000000.0;35;1;3;0;0;0;TEHSIL;Rangat;Total;8935;38824;20692;18132;4874;2464;2410;0;0;0;207;113;94;27107;15492;11615;11717;5200;6517;13655;10881;2774;10660;9191;1469;2112;1786;326;345;324;21;97;80;17;8106;7001;1105;2995;1690;1305;1164;499;665;312;226;86;42;16;26;1477;949;528;25169;9811;15358;0;0;0;0;0;;0;0;0;0;0;0;0;0;0;0;0;0;0;0;0;0;0;0;0;0;0;0;0;0;0;0;0;0;0;0;0;0;0;0;0;0;0;0;0;0;0;0;0;0;0;0;0;0;0;0;0;0;0;0;0;0;0;0;0;0;0;;0;;0;0;0;0;0;0;0;0;0;0;0;0;0;0;0;0;0;0;0;0;0;0;0;0;0;0;0;0;0;0;0;0;0;0;0;0;0;0;0;;0;0;0;0;0;0;0;;;0;0;0;;;;0;0;0;0;0.0;0;0;0;0;0;0;0;0.0;0.0;0;0.0
35;01;0003;00000000;3501000300000000;Rangat;627227;3501000000000000.0;35;1;3;0;0;0;TEHSIL;Rangat;Total;8935;38824;20692;18132;4874;2464;2410;0;0;0;207;113;94;27107;15492;11615;11717;5200;6517;13655;10881;2774;10660;9191;1469;2112;1786;326;345;324;21;97;80;17;8106;7001;1105;2995;1690;1305;1164;499;665;312;226;86;42;16;26;1477;949;528;25169;9811;15358;0;0;0;0;0;;0;0;0;0;0;0;0;0;0;0;0;0;0;0;0;0;0;0;0;0;0;0;0;0;0;0;0;0;0;0;0;0;0;0;0;0;0;0;0;0;0;0;0;0;0;0;0;0;0;0;0;0;0;0;0;0;0;0;0;0;0;;0;;0;0;0;0;0;0;0;0;0;0;0;0;0;0;0;0;0;0;0;0;0;0;0;0;0;0;0;0;0;0;0;0;0;0;0;0;0;0;0;;0;0;0;0;0;0;0;;;0;0;0;;;;0;0;0;0;0.0;0;0;0;0;0;0;0;0.0;0.0;0;0.0
35;01;0004;00000000;3501000400000000;Ferrargunj;627228;3501000000000000.0;35;1;4;0;0;0;TEHSIL;Ferrargunj;Total;9992;48626;25900;22726;5665;2877;2788;0;0;0;208;127;81;35432;20014;15418;13194;5886;7308;16262;13686;2576;12950;11380;1570;1226;1080;146;618;567;51;158;119;39;10948;9614;1334;3312;2306;1006;344;198;146;1104;644;460;61;28;33;1803;1436;367;32364;12214;20150;0;0;0;0;0;;0;0;0;0;0;0;0;0;0;0;0;0;0;0;0;0;0;0;0;0;0;0;0;0;0;0;0;0;0;0;0;0;0;0;0;0;0;0;0;0;0;0;0;0;0;0;0;0;0;0;0;0;0;0;0;0;0;0;0;0;0;;0;;0;0;0;0;0;0;0;0;0;0;0;0;0;0;0;0;0;0;0;0;0;0;0;0;0;0;0;0;0;0;0;0;0;0;0;0;0;0;0;;0;0;0;0;0;0;0;;;0;0;0;;;;0;0;0;0;0.0;0;0;0;0;0;0;0;0.0;0.0;0;0.0
35;01;0003;00000000;3501000300000000;Rangat;627229;3501000000000000.0;35;1;3;0;0;0;TEHSIL;Rangat;Total;8935;38824;20692;18132;4874;2464;2410;0;0;0;207;113;94;27107;15492;11615;11717;5200;6517;13655;10881;2774;10660;9191;1469;2112;1786;326;345;324;21;97;80;17;8106;7001;1105;2995;1690;1305;1164;499;665;312;226;86;42;16;26;1477;949;528;25169;9811;15358;0;0;0;0;0;;0;0;0;0;0;0;0;0;0;0;0;0;0;0;0;0;0;0;0;0;0;0;0;0;0;0;0;0;0;0;0;0;0;0;0;0;0;0;0;0;0;0;0;0;0;0;0;0;0;0;0;0;0;0;0;0;0;0;0;0;0;;0;;0;0;0;0;0;0;0;0;0;0;0;0;0;0;0;0;0;0;0;0;0;0;0;0;0;0;0;0;0;0;0;0;0;0;0;0;0;0;0;;0;0;0;0;0;0;0;;;0;0;0;;;;0;0;0;0;0.0;0;0;0;0;0;0;0;0.0;0.0;0;0.0
35;01;0003;00000000;3501000300000000;Rangat;627230;3501000000000000.0;35;1;3;0;0;0;TEHSIL;Rangat;Total;8935;38824;20692;18132;4874;2464;2410;0;0;0;207;113;94;27107;15492;11615;11717;5200;6517;13655;10881;2774;10660;9191;1469;2112;1786;326;345;324;21;97;80;17;8106;7001;1105;2995;1690;1305;1164;499;665;312;226;86;42;16;26;1477;949;528;25169;9811;15358;0;0;0;0;0;;0;0;0;0;0;0;0;0;0;0;0;0;0;0;0;0;0;0;0;0;0;0;0;0;0;0;0;0;0;0;0;0;0;0;0;0;0;0;0;0;0;0;0;0;0;0;0;0;0;0;0;0;0;0;0;0;0;0;0;0;0;;0;;0;0;0;0;0;0;0;0;0;0;0;0;0;0;0;0;0;0;0;0;0;0;0;0;0;0;0;0;0;0;0;0;0;0;0;0;0;0;0;;0;0;0;0;0;0;0;;;0;0;0;;;;0;0;0;0;0.0;0;0;0;0;0;0;0;0.0;0.0;0;0.0
35;01;0003;00000000;3501000300000000;Rangat;627231;3501000000000000.0;35;1;3;0;0;0;TEHSIL;Rangat;Total;8935;38824;20692;18132;4874;2464;2410;0;0;0;207;113;94;27107;15492;11615;11717;5200;6517;13655;10881;2774;10660;9191;1469;2112;1786;326;345;324;21;97;80;17;8106;7001;1105;2995;1690;1305;1164;499;665;312;226;86;42;16;26;1477;949;528;25169;9811;15358;0;0;0;0;0;;0;0;0;0;0;0;0;0;0;0;0;0;0;0;0;0;0;0;0;0;0;0;0;0;0;0;0;0;0;0;0;0;0;0;0;0;0;0;0;0;0;0;0;0;0;0;0;0;0;0;0;0;0;0;0;0;0;0;0;0;0;;0;;0;0;0;0;0;0;0;0;0;0;0;0;0;0;0;0;0;0;0;0;0;0;0;0;0;0;0;0;0;0;0;0;0;0;0;0;0;0;0;;0;0;0;0;0;0;0;;;0;0;0;;;;0;0;0;0;0.0;0;0;0;0;0;0;0;0.0;0.0;0;0.0
35;01;0003;00000000;3501000300000000;Rangat;627232;3501000000000000.0;35;1;3;0;0;0;TEHSIL;Rangat;Total;8935;38824;20692;18132;4874;2464;2410;0;0;0;207;113;94;27107;15492;11615;11717;5200;6517;13655;10881;2774;10660;9191;1469;2112;1786;326;345;324;21;97;80;17;8106;7001;1105;2995;1690;1305;1164;499;665;312;226;86;42;16;26;1477;949;528;25169;9811;15358;0;0;0;0;0;;0;0;0;0;0;0;0;0;0;0;0;0;0;0;0;0;0;0;0;0;0;0;0;0;0;0;0;0;0;0;0;0;0;0;0;0;0;0;0;0;0;0;0;0;0;0;0;0;0;0;0;0;0;0;0;0;0;0;0;0;0;;0;;0;0;0;0;0;0;0;0;0;0;0;0;0;0;0;0;0;0;0;0;0;0;0;0;0;0;0;0;0;0;0;0;0;0;0;0;0;0;0;;0;0;0;0;0;0;0;;;0;0;0;;;;0;0;0;0;0.0;0;0;0;0;0;0;0;0.0;0.0;0;0.0
35;01;0003;00000000;3501000300000000;Rangat;627233;3501000000000000.0;35;1;3;0;0;0;TEHSIL;Rangat;Total;8935;38824;20692;18132;4874;2464;2410;0;0;0;207;113;94;27107;15492;11615;11717;5200;6517;13655;10881;2774;10660;9191;1469;2112;1786;326;345;324;21;97;80;17;8106;7001;1105;2995;1690;1305;1164;499;665;312;226;86;42;16;26;1477;949;528;25169;9811;15358;0;0;0;0;0;;0;0;0;0;0;0;0;0;0;0;0;0;0;0;0;0;0;0;0;0;0;0;0;0;0;0;0;0;0;0;0;0;0;0;0;0;0;0;0;0;0;0;0;0;0;0;0;0;0;0;0;0;0;0;0;0;0;0;0;0;0;;0;;0;0;0;0;0;0;0;0;0;0;0;0;0;0;0;0;0;0;0;0;0;0;0;0;0;0;0;0;0;0;0;0;0;0;0;0;0;0;0;;0;0;0;0;0;0;0;;;0;0;0;;;;0;0;0;0;0.0;0;0;0;0;0;0;0;0.0;0.0;0;0.0
35;01;0003;00000000;3501000300000000;Rangat;627234;3501000000000000.0;35;1;3;0;0;0;TEHSIL;Rangat;Total;8935;38824;20692;18132;4874;2464;2410;0;0;0;207;113;94;27107;15492;11615;11717;5200;6517;13655;10881;2774;10660;9191;1469;2112;1786;326;345;324;21;97;80;17;8106;7001;1105;2995;1690;1305;1164;499;665;312;226;86;42;16;26;1477;949;528;25169;9811;15358;0;0;0;0;0;;0;0;0;0;0;0;0;0;0;0;0;0;0;0;0;0;0;0;0;0;0;0;0;0;0;0;0;0;0;0;0;0;0;0;0;0;0;0;0;0;0;0;0;0;0;0;0;0;0;0;0;0;0;0;0;0;0;0;0;0;0;;0;;0;0;0;0;0;0;0;0;0;0;0;0;0;0;0;0;0;0;0;0;0;0;0;0;0;0;0;0;0;0;0;0;0;0;0;0;0;0;0;;0;0;0;0;0;0;0;;;0;0;0;;;;0;0;0;0;0.0;0;0;0;0;0;0;0;0.0;0.0;0;0.0
35;01;0003;00000000;3501000300000000;Rangat;627235;3501000000000000.0;35;1;3;0;0;0;TEHSIL;Rangat;Total;8935;38824;20692;18132;4874;2464;2410;0;0;0;207;113;94;27107;15492;11615;11717;5200;6517;13655;10881;2774;10660;9191;1469;2112;1786;326;345;324;21;97;80;17;8106;7001;1105;2995;1690;1305;1164;499;665;312;226;86;42;16;26;1477;949;528;25169;9811;15358;0;0;0;0;0;;0;0;0;0;0;0;0;0;0;0;0;0;0;0;0;0;0;0;0;0;0;0;0;0;0;0;0;0;0;0;0;0;0;0;0;0;0;0;0;0;0;0;0;0;0;0;0;0;0;0;0;0;0;0;0;0;0;0;0;0;0;;0;;0;0;0;0;0;0;0;0;0;0;0;0;0;0;0;0;0;0;0;0;0;0;0;0;0;0;0;0;0;0;0;0;0;0;0;0;0;0;0;;0;0;0;0;0;0;0;;;0;0;0;;;;0;0;0;0;0.0;0;0;0;0;0;0;0;0.0;0.0;0;0.0
35;01;0003;00000000;3501000300000000;Rangat;627236;3501000000000000.0;35;1;3;0;0;0;TEHSIL;Rangat;Total;8935;38824;20692;18132;4874;2464;2410;0;0;0;207;113;94;27107;15492;11615;11717;5200;6517;13655;10881;2774;10660;9191;1469;2112;1786;326;345;324;21;97;80;17;8106;7001;1105;2995;1690;1305;1164;499;665;312;226;86;42;16;26;1477;949;528;25169;9811;15358;0;0;0;0;0;;0;0;0;0;0;0;0;0;0;0;0;0;0;0;0;0;0;0;0;0;0;0;0;0;0;0;0;0;0;0;0;0;0;0;0;0;0;0;0;0;0;0;0;0;0;0;0;0;0;0;0;0;0;0;0;0;0;0;0;0;0;;0;;0;0;0;0;0;0;0;0;0;0;0;0;0;0;0;0;0;0;0;0;0;0;0;0;0;0;0;0;0;0;0;0;0;0;0;0;0;0;0;;0;0;0;0;0;0;0;;;0;0;0;;;;0;0;0;0;0.0;0;0;0;0;0;0;0;0.0;0.0;0;0.0
35;01;0005;00000000;3501000500000000;Port Blair;627237;3501000000000000.0;35;1;5;0;0;0;TEHSIL;Port Blair;Total;36443;159845;88362;71483;18913;9733;9180;0;0;0;2392;1325;1067;119971;70397;49574;39874;17965;21909;60233;50747;9486;56266;48110;8156;2915;2319;596;898;819;79;395;310;85;52058;44662;7396;3967;2637;1330;834;296;538;357;245;112;83;43;40;2693;2053;640;99612;37615;61997;0;0;0;0;0;;0;0;0;0;0;0;0;0;0;0;0;0;0;0;0;0;0;0;0;0;0;0;0;0;0;0;0;0;0;0;0;0;0;0;0;0;0;0;0;0;0;0;0;0;0;0;0;0;0;0;0;0;0;0;0;0;0;0;0;0;0;;0;;0;0;0;0;0;0;0;0;0;0;0;0;0;0;0;0;0;0;0;0;0;0;0;0;0;0;0;0;0;0;0;0;0;0;0;0;0;0;0;;0;0;0;0;0;0;0;;;0;0;0;;;;0;0;0;0;0.0;0;0;0;0;0;0;0;0.0;0.0;0;0.0
35;01;0005;00000000;3501000500000000;Port Blair;627238;3501000000000000.0;35;1;5;0;0;0;TEHSIL;Port Blair;Total;36443;159845;88362;71483;18913;9733;9180;0;0;0;2392;1325;1067;119971;70397;49574;39874;17965;21909;60233;50747;9486;56266;48110;8156;2915;2319;596;898;819;79;395;310;85;52058;44662;7396;3967;2637;1330;834;296;538;357;245;112;83;43;40;2693;2053;640;99612;37615;61997;0;0;0;0;0;;0;0;0;0;0;0;0;0;0;0;0;0;0;0;0;0;0;0;0;0;0;0;0;0;0;0;0;0;0;0;0;0;0;0;0;0;0;0;0;0;0;0;0;0;0;0;0;0;0;0;0;0;0;0;0;0;0;0;0;0;0;;0;;0;0;0;0;0;0;0;0;0;0;0;0;0;0;0;0;0;0;0;0;0;0;0;0;0;0;0;0;0;0;0;0;0;0;0;0;0;0;0;;0;0;0;0;0;0;0;;;0;0;0;;;;0;0;0;0;0.0;0;0;0;0;0;0;0;0.0;0.0;0;0.0
35;01;0005;00000000;3501000500000000;Port Blair;627239;3501000000000000.0;35;1;5;0;0;0;TEHSIL;Port Blair;Total;36443;159845;88362;71483;18913;9733;9180;0;0;0;2392;1325;1067;119971;70397;49574;39874;17965;21909;60233;50747;9486;56266;48110;8156;2915;2319;596;898;819;79;395;310;85;52058;44662;7396;3967;2637;1330;834;296;538;357;245;112;83;43;40;2693;2053;640;99612;37615;61997;0;0;0;0;0;;0;0;0;0;0;0;0;0;0;0;0;0;0;0;0;0;0;0;0;0;0;0;0;0;0;0;0;0;0;0;0;0;0;0;0;0;0;0;0;0;0;0;0;0;0;0;0;0;0;0;0;0;0;0;0;0;0;0;0;0;0;;0;;0;0;0;0;0;0;0;0;0;0;0;0;0;0;0;0;0;0;0;0;0;0;0;0;0;0;0;0;0;0;0;0;0;0;0;0;0;0;0;;0;0;0;0;0;0;0;;;0;0;0;;;;0;0;0;0;0.0;0;0;0;0;0;0;0;0.0;0.0;0;0.0
35;01;0005;00000000;3501000500000000;Port Blair;627240;3501000000000000.0;35;1;5;0;0;0;TEHSIL;Port Blair;Total;36443;159845;88362;71483;18913;9733;9180;0;0;0;2392;1325;1067;119971;70397;49574;39874;17965;21909;60233;50747;9486;56266;48110;8156;2915;2319;596;898;819;79;395;310;85;52058;44662;7396;3967;2637;1330;834;296;538;357;245;112;83;43;40;2693;2053;640;99612;37615;61997;0;0;0;0;0;;0;0;0;0;0;0;0;0;0;0;0;0;0;0;0;0;0;0;0;0;0;0;0;0;0;0;0;0;0;0;0;0;0;0;0;0;0;0;0;0;0;0;0;0;0;0;0;0;0;0;0;0;0;0;0;0;0;0;0;0;0;;0;;0;0;0;0;0;0;0;0;0;0;0;0;0;0;0;0;0;0;0;0;0;0;0;0;0;0;0;0;0;0;0;0;0;0;0;0;0;0;0;;0;0;0;0;0;0;0;;;0;0;0;;;;0;0;0;0;0.0;0;0;0;0;0;0;0;0.0;0.0;0;0.0
35;01;0005;00000000;3501000500000000;Port Blair;627241;3501000000000000.0;35;1;5;0;0;0;TEHSIL;Port Blair;Total;36443;159845;88362;71483;18913;9733;9180;0;0;0;2392;1325;1067;119971;70397;49574;39874;17965;21909;60233;50747;9486;56266;48110;8156;2915;2319;596;898;819;79;395;310;85;52058;44662;7396;3967;2637;1330;834;296;538;357;245;112;83;43;40;2693;2053;640;99612;37615;61997;0;0;0;0;0;;0;0;0;0;0;0;0;0;0;0;0;0;0;0;0;0;0;0;0;0;0;0;0;0;0;0;0;0;0;0;0;0;0;0;0;0;0;0;0;0;0;0;0;0;0;0;0;0;0;0;0;0;0;0;0;0;0;0;0;0;0;;0;;0;0;0;0;0;0;0;0;0;0;0;0;0;0;0;0;0;0;0;0;0;0;0;0;0;0;0;0;0;0;0;0;0;0;0;0;0;0;0;;0;0;0;0;0;0;0;;;0;0;0;;;;0;0;0;0;0.0;0;0;0;0;0;0;0;0.0;0.0;0;0.0
35;01;0005;00000000;3501000500000000;Port Blair;627242;3501000000000000.0;35;1;5;0;0;0;TEHSIL;Port Blair;Total;36443;159845;88362;71483;18913;9733;9180;0;0;0;2392;1325;1067;119971;70397;49574;39874;17965;21909;60233;50747;9486;56266;48110;8156;2915;2319;596;898;819;79;395;310;85;52058;44662;7396;3967;2637;1330;834;296;538;357;245;112;83;43;40;2693;2053;640;99612;37615;61997;0;0;0;0;0;;0;0;0;0;0;0;0;0;0;0;0;0;0;0;0;0;0;0;0;0;0;0;0;0;0;0;0;0;0;0;0;0;0;0;0;0;0;0;0;0;0;0;0;0;0;0;0;0;0;0;0;0;0;0;0;0;0;0;0;0;0;;0;;0;0;0;0;0;0;0;0;0;0;0;0;0;0;0;0;0;0;0;0;0;0;0;0;0;0;0;0;0;0;0;0;0;0;0;0;0;0;0;;0;0;0;0;0;0;0;;;0;0;0;;;;0;0;0;0;0.0;0;0;0;0;0;0;0;0.0;0.0;0;0.0
35;01;0005;00000000;3501000500000000;Port Blair;627243;3501000000000000.0;35;1;5;0;0;0;TEHSIL;Port Blair;Total;36443;159845;88362;71483;18913;9733;9180;0;0;0;2392;1325;1067;119971;70397;49574;39874;17965;21909;60233;50747;9486;56266;48110;8156;2915;2319;596;898;819;79;395;310;85;52058;44662;7396;3967;2637;1330;834;296;538;357;245;112;83;43;40;2693;2053;640;99612;37615;61997;0;0;0;0;0;;0;0;0;0;0;0;0;0;0;0;0;0;0;0;0;0;0;0;0;0;0;0;0;0;0;0;0;0;0;0;0;0;0;0;0;0;0;0;0;0;0;0;0;0;0;0;0;0;0;0;0;0;0;0;0;0;0;0;0;0;0;;0;;0;0;0;0;0;0;0;0;0;0;0;0;0;0;0;0;0;0;0;0;0;0;0;0;0;0;0;0;0;0;0;0;0;0;0;0;0;0;0;;0;0;0;0;0;0;0;;;0;0;0;;;;0;0;0;0;0.0;0;0;0;0;0;0;0;0.0;0.0;0;0.0
35;01;0005;00000000;3501000500000000;Port Blair;627244;3501000000000000.0;35;1;5;0;0;0;TEHSIL;Port Blair;Total;36443;159845;88362;71483;18913;9733;9180;0;0;0;2392;1325;1067;119971;70397;49574;39874;17965;21909;60233;50747;9486;56266;48110;8156;2915;2319;596;898;819;79;395;310;85;52058;44662;7396;3967;2637;1330;834;296;538;357;245;112;83;43;40;2693;2053;640;99612;37615;61997;0;0;0;0;0;;0;0;0;0;0;0;0;0;0;0;0;0;0;0;0;0;0;0;0;0;0;0;0;0;0;0;0;0;0;0;0;0;0;0;0;0;0;0;0;0;0;0;0;0;0;0;0;0;0;0;0;0;0;0;0;0;0;0;0;0;0;;0;;0;0;0;0;0;0;0;0;0;0;0;0;0;0;0;0;0;0;0;0;0;0;0;0;0;0;0;0;0;0;0;0;0;0;0;0;0;0;0;;0;0;0;0;0;0;0;;;0;0;0;;;;0;0;0;0;0.0;0;0;0;0;0;0;0;0.0;0.0;0;0.0
35;01;0005;00000000;3501000500000000;Port Blair;627245;3501000000000000.0;35;1;5;0;0;0;TEHSIL;Port Blair;Total;36443;159845;88362;71483;18913;9733;9180;0;0;0;2392;1325;1067;119971;70397;49574;39874;17965;21909;60233;50747;9486;56266;48110;8156;2915;2319;596;898;819;79;395;310;85;52058;44662;7396;3967;2637;1330;834;296;538;357;245;112;83;43;40;2693;2053;640;99612;37615;61997;0;0;0;0;0;;0;0;0;0;0;0;0;0;0;0;0;0;0;0;0;0;0;0;0;0;0;0;0;0;0;0;0;0;0;0;0;0;0;0;0;0;0;0;0;0;0;0;0;0;0;0;0;0;0;0;0;0;0;0;0;0;0;0;0;0;0;;0;;0;0;0;0;0;0;0;0;0;0;0;0;0;0;0;0;0;0;0;0;0;0;0;0;0;0;0;0;0;0;0;0;0;0;0;0;0;0;0;;0;0;0;0;0;0;0;;;0;0;0;;;;0;0;0;0;0.0;0;0;0;0;0;0;0;0.0;0.0;0;0.0
35;01;0005;00000000;3501000500000000;Port Blair;627246;3501000000000000.0;35;1;5;0;0;0;TEHSIL;Port Blair;Total;36443;159845;88362;71483;18913;9733;9180;0;0;0;2392;1325;1067;119971;70397;49574;39874;17965;21909;60233;50747;9486;56266;48110;8156;2915;2319;596;898;819;79;395;310;85;52058;44662;7396;3967;2637;1330;834;296;538;357;245;112;83;43;40;2693;2053;640;99612;37615;61997;0;0;0;0;0;;0;0;0;0;0;0;0;0;0;0;0;0;0;0;0;0;0;0;0;0;0;0;0;0;0;0;0;0;0;0;0;0;0;0;0;0;0;0;0;0;0;0;0;0;0;0;0;0;0;0;0;0;0;0;0;0;0;0;0;0;0;;0;;0;0;0;0;0;0;0;0;0;0;0;0;0;0;0;0;0;0;0;0;0;0;0;0;0;0;0;0;0;0;0;0;0;0;0;0;0;0;0;;0;0;0;0;0;0;0;;;0;0;0;;;;0;0;0;0;0.0;0;0;0;0;0;0;0;0.0;0.0;0;0.0
35;01;0005;00000000;3501000500000000;Port Blair;627247;3501000000000000.0;35;1;5;0;0;0;TEHSIL;Port Blair;Total;36443;159845;88362;71483;18913;9733;9180;0;0;0;2392;1325;1067;119971;70397;49574;39874;17965;21909;60233;50747;9486;56266;48110;8156;2915;2319;596;898;819;79;395;310;85;52058;44662;7396;3967;2637;1330;834;296;538;357;245;112;83;43;40;2693;2053;640;99612;37615;61997;0;0;0;0;0;;0;0;0;0;0;0;0;0;0;0;0;0;0;0;0;0;0;0;0;0;0;0;0;0;0;0;0;0;0;0;0;0;0;0;0;0;0;0;0;0;0;0;0;0;0;0;0;0;0;0;0;0;0;0;0;0;0;0;0;0;0;;0;;0;0;0;0;0;0;0;0;0;0;0;0;0;0;0;0;0;0;0;0;0;0;0;0;0;0;0;0;0;0;0;0;0;0;0;0;0;0;0;;0;0;0;0;0;0;0;;;0;0;0;;;;0;0;0;0;0.0;0;0;0;0;0;0;0;0.0;0.0;0;0.0
35;02;0001;00000000;3502000100000000;Car Nicobar;627248;3502000000000000.0;35;2;1;0;0;0;TEHSIL;Car Nicobar;Total;3296;20292;10663;9629;2294;1186;1108;0;0;0;15899;7914;7985;13343;7572;5771;6949;3091;3858;10652;6758;3894;5992;4880;1112;24;15;9;9;6;3;2288;1781;507;3671;3078;593;4660;1878;2782;29;7;22;6;2;4;1278;351;927;3347;1518;1829;9640;3905;5735;0;0;0;0;0;;0;0;0;0;0;0;0;0;0;0;0;0;0;0;0;0;0;0;0;0;0;0;0;0;0;0;0;0;0;0;0;0;0;0;0;0;0;0;0;0;0;0;0;0;0;0;0;0;0;0;0;0;0;0;0;0;0;0;0;0;0;;0;;0;0;0;0;0;0;0;0;0;0;0;0;0;0;0;0;0;0;0;0;0;0;0;0;0;0;0;0;0;0;0;0;0;0;0;0;0;0;0;;0;0;0;0;0;0;0;;;0;0;0;;;;0;0;0;0;0.0;0;0;0;0;0;0;0;0.0;0.0;0;0.0
35;02;0001;00000000;3502000100000000;Car Nicobar;627249;3502000000000000.0;35;2;1;0;0;0;TEHSIL;Car Nicobar;Total;3296;20292;10663;9629;2294;1186;1108;0;0;0;15899;7914;7985;13343;7572;5771;6949;3091;3858;10652;6758;3894;5992;4880;1112;24;15;9;9;6;3;2288;1781;507;3671;3078;593;4660;1878;2782;29;7;22;6;2;4;1278;351;927;3347;1518;1829;9640;3905;5735;0;0;0;0;0;;0;0;0;0;0;0;0;0;0;0;0;0;0;0;0;0;0;0;0;0;0;0;0;0;0;0;0;0;0;0;0;0;0;0;0;0;0;0;0;0;0;0;0;0;0;0;0;0;0;0;0;0;0;0;0;0;0;0;0;0;0;;0;;0;0;0;0;0;0;0;0;0;0;0;0;0;0;0;0;0;0;0;0;0;0;0;0;0;0;0;0;0;0;0;0;0;0;0;0;0;0;0;;0;0;0;0;0;0;0;;;0;0;0;;;;0;0;0;0;0.0;0;0;0;0;0;0;0;0.0;0.0;0;0.0
35;02;0002;00000000;3502000200000000;Nancowry;627250;3502000000000000.0;35;2;2;0;0;0;TEHSIL;Nancowry;Total;4779;21776;11990;9786;3096;1597;1499;0;0;0;10666;5588;5078;13192;8036;5156;8584;3954;4630;8971;7043;1928;6932;6142;790;140;113;27;86;79;7;1738;1579;159;4968;4371;597;2039;901;1138;78;49;29;28;17;11;781;237;544;1152;598;554;12805;4947;7858;0;0;0;0;0;;0;0;0;0;0;0;0;0;0;0;0;0;0;0;0;0;0;0;0;0;0;0;0;0;0;0;0;0;0;0;0;0;0;0;0;0;0;0;0;0;0;0;0;0;0;0;0;0;0;0;0;0;0;0;0;0;0;0;0;0;0;;0;;0;0;0;0;0;0;0;0;0;0;0;0;0;0;0;0;0;0;0;0;0;0;0;0;0;0;0;0;0;0;0;0;0;0;0;0;0;0;0;;0;0;0;0;0;0;0;;;0;0;0;;;;0;0;0;0;0.0;0;0;0;0;0;0;0;0.0;0.0;0;0.0
35;02;0002;00000000;3502000200000000;Nancowry;627251;3502000000000000.0;35;2;2;0;0;0;TEHSIL;Nancowry;Total;4779;21776;11990;9786;3096;1597;1499;0;0;0;10666;5588;5078;13192;8036;5156;8584;3954;4630;8971;7043;1928;6932;6142;790;140;113;27;86;79;7;1738;1579;159;4968;4371;597;2039;901;1138;78;49;29;28;17;11;781;237;544;1152;598;554;12805;4947;7858;0;0;0;0;0;;0;0;0;0;0;0;0;0;0;0;0;0;0;0;0;0;0;0;0;0;0;0;0;0;0;0;0;0;0;0;0;0;0;0;0;0;0;0;0;0;0;0;0;0;0;0;0;0;0;0;0;0;0;0;0;0;0;0;0;0;0;;0;;0;0;0;0;0;0;0;0;0;0;0;0;0;0;0;0;0;0;0;0;0;0;0;0;0;0;0;0;0;0;0;0;0;0;0;0;0;0;0;;0;0;0;0;0;0;0;;;0;0;0;;;;0;0;0;0;0.0;0;0;0;0;0;0;0;0.0;0.0;0;0.0
35;02;0002;00000000;3502000200000000;Nancowry;627252;3502000000000000.0;35;2;2;0;0;0;TEHSIL;Nancowry;Total;4779;21776;11990;9786;3096;1597;1499;0;0;0;10666;5588;5078;13192;8036;5156;8584;3954;4630;8971;7043;1928;6932;6142;790;140;113;27;86;79;7;1738;1579;159;4968;4371;597;2039;901;1138;78;49;29;28;17;11;781;237;544;1152;598;554;12805;4947;7858;0;0;0;0;0;;0;0;0;0;0;0;0;0;0;0;0;0;0;0;0;0;0;0;0;0;0;0;0;0;0;0;0;0;0;0;0;0;0;0;0;0;0;0;0;0;0;0;0;0;0;0;0;0;0;0;0;0;0;0;0;0;0;0;0;0;0;;0;;0;0;0;0;0;0;0;0;0;0;0;0;0;0;0;0;0;0;0;0;0;0;0;0;0;0;0;0;0;0;0;0;0;0;0;0;0;0;0;;0;0;0;0;0;0;0;;;0;0;0;;;;0;0;0;0;0.0;0;0;0;0;0;0;0;0.0;0.0;0;0.0
35;02;0002;00000000;3502000200000000;Nancowry;627253;3502000000000000.0;35;2;2;0;0;0;TEHSIL;Nancowry;Total;4779;21776;11990;9786;3096;1597;1499;0;0;0;10666;5588;5078;13192;8036;5156;8584;3954;4630;8971;7043;1928;6932;6142;790;140;113;27;86;79;7;1738;1579;159;4968;4371;597;2039;901;1138;78;49;29;28;17;11;781;237;544;1152;598;554;12805;4947;7858;0;0;0;0;0;;0;0;0;0;0;0;0;0;0;0;0;0;0;0;0;0;0;0;0;0;0;0;0;0;0;0;0;0;0;0;0;0;0;0;0;0;0;0;0;0;0;0;0;0;0;0;0;0;0;0;0;0;0;0;0;0;0;0;0;0;0;;0;;0;0;0;0;0;0;0;0;0;0;0;0;0;0;0;0;0;0;0;0;0;0;0;0;0;0;0;0;0;0;0;0;0;0;0;0;0;0;0;;0;0;0;0;0;0;0;;;0;0;0;;;;0;0;0;0;0.0;0;0;0;0;0;0;0;0.0;0.0;0;0.0
35;02;0002;00000000;3502000200000000;Nancowry;627254;3502000000000000.0;35;2;2;0;0;0;TEHSIL;Nancowry;Total;4779;21776;11990;9786;3096;1597;1499;0;0;0;10666;5588;5078;13192;8036;5156;8584;3954;4630;8971;7043;1928;6932;6142;790;140;113;27;86;79;7;1738;1579;159;4968;4371;597;2039;901;1138;78;49;29;28;17;11;781;237;544;1152;598;554;12805;4947;7858;0;0;0;0;0;;0;0;0;0;0;0;0;0;0;0;0;0;0;0;0;0;0;0;0;0;0;0;0;0;0;0;0;0;0;0;0;0;0;0;0;0;0;0;0;0;0;0;0;0;0;0;0;0;0;0;0;0;0;0;0;0;0;0;0;0;0;;0;;0;0;0;0;0;0;0;0;0;0;0;0;0;0;0;0;0;0;0;0;0;0;0;0;0;0;0;0;0;0;0;0;0;0;0;0;0;0;0;;0;0;0;0;0;0;0;;;0;0;0;;;;0;0;0;0;0.0;0;0;0;0;0;0;0;0.0;0.0;0;0.0
35;02;0002;00000000;3502000200000000;Nancowry;627255;3502000000000000.0;35;2;2;0;0;0;TEHSIL;Nancowry;Total;4779;21776;11990;9786;3096;1597;1499;0;0;0;10666;5588;5078;13192;8036;5156;8584;3954;4630;8971;7043;1928;6932;6142;790;140;113;27;86;79;7;1738;1579;159;4968;4371;597;2039;901;1138;78;49;29;28;17;11;781;237;544;1152;598;554;12805;4947;7858;0;0;0;0;0;;0;0;0;0;0;0;0;0;0;0;0;0;0;0;0;0;0;0;0;0;0;0;0;0;0;0;0;0;0;0;0;0;0;0;0;0;0;0;0;0;0;0;0;0;0;0;0;0;0;0;0;0;0;0;0;0;0;0;0;0;0;;0;;0;0;0;0;0;0;0;0;0;0;0;0;0;0;0;0;0;0;0;0;0;0;0;0;0;0;0;0;0;0;0;0;0;0;0;0;0;0;0;;0;0;0;0;0;0;0;;;0;0;0;;;;0;0;0;0;0.0;0;0;0;0;0;0;0;0.0;0.0;0;0.0
35;02;0002;00000000;3502000200000000;Nancowry;627256;3502000000000000.0;35;2;2;0;0;0;TEHSIL;Nancowry;Total;4779;21776;11990;9786;3096;1597;1499;0;0;0;10666;5588;5078;13192;8036;5156;8584;3954;4630;8971;7043;1928;6932;6142;790;140;113;27;86;79;7;1738;1579;159;4968;4371;597;2039;901;1138;78;49;29;28;17;11;781;237;544;1152;598;554;12805;4947;7858;0;0;0;0;0;;0;0;0;0;0;0;0;0;0;0;0;0;0;0;0;0;0;0;0;0;0;0;0;0;0;0;0;0;0;0;0;0;0;0;0;0;0;0;0;0;0;0;0;0;0;0;0;0;0;0;0;0;0;0;0;0;0;0;0;0;0;;0;;0;0;0;0;0;0;0;0;0;0;0;0;0;0;0;0;0;0;0;0;0;0;0;0;0;0;0;0;0;0;0;0;0;0;0;0;0;0;0;;0;0;0;0;0;0;0;;;0;0;0;;;;0;0;0;0;0.0;0;0;0;0;0;0;0;0.0;0.0;0;0.0
35;02;0002;00000000;3502000200000000;Nancowry;627257;3502000000000000.0;35;2;2;0;0;0;TEHSIL;Nancowry;Total;4779;21776;11990;9786;3096;1597;1499;0;0;0;10666;5588;5078;13192;8036;5156;8584;3954;4630;8971;7043;1928;6932;6142;790;140;113;27;86;79;7;1738;1579;159;4968;4371;597;2039;901;1138;78;49;29;28;17;11;781;237;544;1152;598;554;12805;4947;7858;0;0;0;0;0;;0;0;0;0;0;0;0;0;0;0;0;0;0;0;0;0;0;0;0;0;0;0;0;0;0;0;0;0;0;0;0;0;0;0;0;0;0;0;0;0;0;0;0;0;0;0;0;0;0;0;0;0;0;0;0;0;0;0;0;0;0;;0;;0;0;0;0;0;0;0;0;0;0;0;0;0;0;0;0;0;0;0;0;0;0;0;0;0;0;0;0;0;0;0;0;0;0;0;0;0;0;0;;0;0;0;0;0;0;0;;;0;0;0;;;;0;0;0;0;0.0;0;0;0;0;0;0;0;0.0;0.0;0;0.0
35;02;0002;00000000;3502000200000000;Nancowry;627258;3502000000000000.0;35;2;2;0;0;0;TEHSIL;Nancowry;Total;4779;21776;11990;9786;3096;1597;1499;0;0;0;10666;5588;5078;13192;8036;5156;8584;3954;4630;8971;7043;1928;6932;6142;790;140;113;27;86;79;7;1738;1579;159;4968;4371;597;2039;901;1138;78;49;29;28;17;11;781;237;544;1152;598;554;12805;4947;7858;0;0;0;0;0;;0;0;0;0;0;0;0;0;0;0;0;0;0;0;0;0;0;0;0;0;0;0;0;0;0;0;0;0;0;0;0;0;0;0;0;0;0;0;0;0;0;0;0;0;0;0;0;0;0;0;0;0;0;0;0;0;0;0;0;0;0;;0;;0;0;0;0;0;0;0;0;0;0;0;0;0;0;0;0;0;0;0;0;0;0;0;0;0;0;0;0;0;0;0;0;0;0;0;0;0;0;0;;0;0;0;0;0;0;0;;;0;0;0;;;;0;0;0;0;0.0;0;0;0;0;0;0;0;0.0;0.0;0;0.0
35;02;0002;00000000;3502000200000000;Nancowry;627259;3502000000000000.0;35;2;2;0;0;0;TEHSIL;Nancowry;Total;4779;21776;11990;9786;3096;1597;1499;0;0;0;10666;5588;5078;13192;8036;5156;8584;3954;4630;8971;7043;1928;6932;6142;790;140;113;27;86;79;7;1738;1579;159;4968;4371;597;2039;901;1138;78;49;29;28;17;11;781;237;544;1152;598;554;12805;4947;7858;0;0;0;0;0;;0;0;0;0;0;0;0;0;0;0;0;0;0;0;0;0;0;0;0;0;0;0;0;0;0;0;0;0;0;0;0;0;0;0;0;0;0;0;0;0;0;0;0;0;0;0;0;0;0;0;0;0;0;0;0;0;0;0;0;0;0;;0;;0;0;0;0;0;0;0;0;0;0;0;0;0;0;0;0;0;0;0;0;0;0;0;0;0;0;0;0;0;0;0;0;0;0;0;0;0;0;0;;0;0;0;0;0;0;0;;;0;0;0;;;;0;0;0;0;0.0;0;0;0;0;0;0;0;0.0;0.0;0;0.0
35;02;0002;00000000;3502000200000000;Nancowry;627260;3502000000000000.0;35;2;2;0;0;0;TEHSIL;Nancowry;Total;4779;21776;11990;9786;3096;1597;1499;0;0;0;10666;5588;5078;13192;8036;5156;8584;3954;4630;8971;7043;1928;6932;6142;790;140;113;27;86;79;7;1738;1579;159;4968;4371;597;2039;901;1138;78;49;29;28;17;11;781;237;544;1152;598;554;12805;4947;7858;0;0;0;0;0;;0;0;0;0;0;0;0;0;0;0;0;0;0;0;0;0;0;0;0;0;0;0;0;0;0;0;0;0;0;0;0;0;0;0;0;0;0;0;0;0;0;0;0;0;0;0;0;0;0;0;0;0;0;0;0;0;0;0;0;0;0;;0;;0;0;0;0;0;0;0;0;0;0;0;0;0;0;0;0;0;0;0;0;0;0;0;0;0;0;0;0;0;0;0;0;0;0;0;0;0;0;0;;0;0;0;0;0;0;0;;;0;0;0;;;;0;0;0;0;0.0;0;0;0;0;0;0;0;0.0;0.0;0;0.0
